Feature,Coefficient,Compartment,Feature_Type,Measurement,Channel,Rank
Cytoplasm_Correlation_Correlation_Actin_ER,0.5106342820387296,Cytoplasm,Correlation,Correlation,Actin,1
Cytoplasm_Granularity_1_Mitochondria,0.45777992536638223,Cytoplasm,Granularity,1,Mitochondria,2
Cytoplasm_Intensity_LowerQuartileIntensity_PM,0.4558089774364024,Cytoplasm,Intensity,LowerQuartileIntensity,PM,3
Cytoplasm_Texture_InverseDifferenceMoment_Actin_3_00_256,0.4117384115871766,Cytoplasm,Texture,InverseDifferenceMoment,Actin,4
Nuclei_Texture_AngularSecondMoment_PM_3_01_256,0.3960035770549922,Nuclei,Texture,AngularSecondMoment,PM,5
Cytoplasm_Texture_Contrast_Actin_3_02_256,0.3679398741564531,Cytoplasm,Texture,Contrast,Actin,6
Cytoplasm_Intensity_MaxIntensity_ER,0.36036180181457517,Cytoplasm,Intensity,MaxIntensity,ER,7
Cells_Correlation_Correlation_Actin_Mitochondria,0.32570713015631214,Cells,Correlation,Correlation,Actin,8
Nuclei_RadialDistribution_MeanFrac_ER_3of4,0.3231499433126986,Nuclei,RadialDistribution,MeanFrac,ER,9
Cells_Texture_AngularSecondMoment_Actin_3_01_256,0.3213230020894521,Cells,Texture,AngularSecondMoment,Actin,10
Cytoplasm_Texture_InverseDifferenceMoment_Actin_3_02_256,0.3193380602635187,Cytoplasm,Texture,InverseDifferenceMoment,Actin,11
Nuclei_Intensity_MeanIntensityEdge_Hoechst,0.285209068307941,Nuclei,Intensity,MeanIntensityEdge,Hoechst,12
Cells_Intensity_MinIntensity_Actin,0.26643279698942113,Cells,Intensity,MinIntensity,Actin,13
Nuclei_Intensity_MinIntensity_Actin,0.24820006707019826,Nuclei,Intensity,MinIntensity,Actin,14
Cells_Granularity_1_Hoechst,0.24469189946112732,Cells,Granularity,1,Hoechst,15
Cytoplasm_Intensity_LowerQuartileIntensity_Hoechst,0.23351072604894466,Cytoplasm,Intensity,LowerQuartileIntensity,Hoechst,16
Cells_AreaShape_MinFeretDiameter,0.23117698031230938,Cells,AreaShape,MinFeretDiameter,,17
Nuclei_Correlation_Correlation_Mitochondria_PM,0.22471597789251208,Nuclei,Correlation,Correlation,Mitochondria,18
Cells_AreaShape_ConvexArea,0.19575559682216787,Cells,AreaShape,ConvexArea,,19
Cytoplasm_Texture_InfoMeas1_Mitochondria_3_01_256,0.1953927719677436,Cytoplasm,Texture,InfoMeas1,Mitochondria,20
Nuclei_Correlation_RWC_Mitochondria_PM,0.19327809372908417,Nuclei,Correlation,RWC,Mitochondria,21
Nuclei_RadialDistribution_ZernikeMagnitude_ER_9_1,0.18979000028748313,Nuclei,RadialDistribution,ZernikeMagnitude,ER,22
Cells_Correlation_RWC_Hoechst_ER,0.1852771337090196,Cells,Correlation,RWC,Hoechst,23
Nuclei_Intensity_MinIntensity_PM,0.1840960621761173,Nuclei,Intensity,MinIntensity,PM,24
Nuclei_Correlation_RWC_ER_Mitochondria,0.18240753541539403,Nuclei,Correlation,RWC,ER,25
Nuclei_Correlation_Correlation_ER_PM,0.17652203544234626,Nuclei,Correlation,Correlation,ER,26
Nuclei_RadialDistribution_RadialCV_Mitochondria_2of4,0.17643748198906165,Nuclei,RadialDistribution,RadialCV,Mitochondria,27
Cells_Neighbors_PercentTouching_Adjacent,0.17231237371155775,Cells,Neighbors,PercentTouching,Adjacent,28
Nuclei_Intensity_MassDisplacement_PM,0.1683073954061806,Nuclei,Intensity,MassDisplacement,PM,29
Cytoplasm_Texture_DifferenceVariance_Actin_3_01_256,0.15942880597316333,Cytoplasm,Texture,DifferenceVariance,Actin,30
Nuclei_Correlation_Overlap_Hoechst_PM,0.15800722982076168,Nuclei,Correlation,Overlap,Hoechst,31
Cytoplasm_Intensity_MaxIntensityEdge_ER,0.15616743752530302,Cytoplasm,Intensity,MaxIntensityEdge,ER,32
Cytoplasm_RadialDistribution_ZernikeMagnitude_Mitochondria_9_3,0.15567597620868176,Cytoplasm,RadialDistribution,ZernikeMagnitude,Mitochondria,33
Cytoplasm_RadialDistribution_RadialCV_Actin_1of4,0.15541211774150143,Cytoplasm,RadialDistribution,RadialCV,Actin,34
Cells_Correlation_Correlation_Actin_Hoechst,0.15333939193248083,Cells,Correlation,Correlation,Actin,35
Cytoplasm_Texture_InverseDifferenceMoment_PM_3_00_256,0.15298162692341513,Cytoplasm,Texture,InverseDifferenceMoment,PM,36
Cells_Intensity_MeanIntensityEdge_Mitochondria,0.15263930395717917,Cells,Intensity,MeanIntensityEdge,Mitochondria,37
Nuclei_Texture_InfoMeas1_Hoechst_3_02_256,0.1511817522622765,Nuclei,Texture,InfoMeas1,Hoechst,38
Cytoplasm_Intensity_MeanIntensityEdge_Hoechst,0.14858137606175817,Cytoplasm,Intensity,MeanIntensityEdge,Hoechst,39
Nuclei_RadialDistribution_ZernikeMagnitude_Hoechst_5_5,0.1479293324490532,Nuclei,RadialDistribution,ZernikeMagnitude,Hoechst,40
Nuclei_RadialDistribution_ZernikeMagnitude_Hoechst_2_2,0.1444541154366984,Nuclei,RadialDistribution,ZernikeMagnitude,Hoechst,41
Cytoplasm_RadialDistribution_ZernikeMagnitude_Hoechst_9_9,0.14306817498524557,Cytoplasm,RadialDistribution,ZernikeMagnitude,Hoechst,42
Cytoplasm_Granularity_2_Mitochondria,0.14305213810846323,Cytoplasm,Granularity,2,Mitochondria,43
Cytoplasm_Texture_Correlation_Mitochondria_3_00_256,0.13849145972645513,Cytoplasm,Texture,Correlation,Mitochondria,44
Nuclei_Granularity_1_Mitochondria,0.13752867449096823,Nuclei,Granularity,1,Mitochondria,45
Cells_Intensity_MeanIntensityEdge_ER,0.13122316112760438,Cells,Intensity,MeanIntensityEdge,ER,46
Nuclei_RadialDistribution_ZernikeMagnitude_PM_4_2,0.13102569653503138,Nuclei,RadialDistribution,ZernikeMagnitude,PM,47
Nuclei_RadialDistribution_MeanFrac_PM_2of4,0.13046078334861555,Nuclei,RadialDistribution,MeanFrac,PM,48
Cytoplasm_Correlation_RWC_ER_Mitochondria,0.12769698177978175,Cytoplasm,Correlation,RWC,ER,49
Cytoplasm_RadialDistribution_ZernikeMagnitude_Hoechst_2_0,0.12587128297111383,Cytoplasm,RadialDistribution,ZernikeMagnitude,Hoechst,50
Cytoplasm_Intensity_LowerQuartileIntensity_ER,0.12562192034757083,Cytoplasm,Intensity,LowerQuartileIntensity,ER,51
Cytoplasm_RadialDistribution_ZernikeMagnitude_Actin_6_0,0.12337826850882151,Cytoplasm,RadialDistribution,ZernikeMagnitude,Actin,52
Cytoplasm_RadialDistribution_ZernikeMagnitude_Mitochondria_8_6,0.12264624659645756,Cytoplasm,RadialDistribution,ZernikeMagnitude,Mitochondria,53
Cytoplasm_Texture_Contrast_Actin_3_01_256,0.12201114785160812,Cytoplasm,Texture,Contrast,Actin,54
Nuclei_AreaShape_Zernike_9_3,0.11944868084969373,Nuclei,AreaShape,Zernike,9,55
Nuclei_Correlation_K_Hoechst_Mitochondria,0.11888626833589969,Nuclei,Correlation,K,Hoechst,56
Cytoplasm_RadialDistribution_ZernikeMagnitude_Hoechst_6_2,0.11520474475548269,Cytoplasm,RadialDistribution,ZernikeMagnitude,Hoechst,57
Nuclei_RadialDistribution_ZernikeMagnitude_Hoechst_9_7,0.11296637882469561,Nuclei,RadialDistribution,ZernikeMagnitude,Hoechst,58
Cytoplasm_Texture_InfoMeas1_Mitochondria_3_02_256,0.11264792267004757,Cytoplasm,Texture,InfoMeas1,Mitochondria,59
Cytoplasm_AreaShape_Zernike_9_7,0.11032736660622346,Cytoplasm,AreaShape,Zernike,9,60
Cells_RadialDistribution_ZernikeMagnitude_Actin_8_4,0.11016139766724498,Cells,RadialDistribution,ZernikeMagnitude,Actin,61
Nuclei_Intensity_MinIntensityEdge_Hoechst,0.10953487486707877,Nuclei,Intensity,MinIntensityEdge,Hoechst,62
Cells_Intensity_MaxIntensityEdge_Mitochondria,0.10877130661691196,Cells,Intensity,MaxIntensityEdge,Mitochondria,63
Cells_Correlation_Manders_Hoechst_Actin,0.10750994911333604,Cells,Correlation,Manders,Hoechst,64
Nuclei_RadialDistribution_ZernikeMagnitude_Hoechst_4_4,0.10456975321982007,Nuclei,RadialDistribution,ZernikeMagnitude,Hoechst,65
Cytoplasm_Texture_InfoMeas1_Mitochondria_3_00_256,0.10286100858590945,Cytoplasm,Texture,InfoMeas1,Mitochondria,66
Cytoplasm_RadialDistribution_FracAtD_Mitochondria_2of4,0.10249899144575703,Cytoplasm,RadialDistribution,FracAtD,Mitochondria,67
Nuclei_Correlation_RWC_Mitochondria_ER,0.10241326818430664,Nuclei,Correlation,RWC,Mitochondria,68
Nuclei_AreaShape_Zernike_7_3,0.10206801697508605,Nuclei,AreaShape,Zernike,7,69
Cells_RadialDistribution_ZernikeMagnitude_PM_9_5,0.10191749766822779,Cells,RadialDistribution,ZernikeMagnitude,PM,70
Cells_RadialDistribution_ZernikeMagnitude_Mitochondria_8_8,0.09704516402996577,Cells,RadialDistribution,ZernikeMagnitude,Mitochondria,71
Nuclei_RadialDistribution_ZernikeMagnitude_ER_4_0,0.09466307309881133,Nuclei,RadialDistribution,ZernikeMagnitude,ER,72
Nuclei_AreaShape_Zernike_2_2,0.09414367292133008,Nuclei,AreaShape,Zernike,2,73
Cytoplasm_RadialDistribution_ZernikeMagnitude_Actin_4_2,0.09320564320553124,Cytoplasm,RadialDistribution,ZernikeMagnitude,Actin,74
Nuclei_RadialDistribution_ZernikeMagnitude_PM_8_6,0.0926838528561203,Nuclei,RadialDistribution,ZernikeMagnitude,PM,75
Nuclei_Intensity_MinIntensity_ER,0.09204898976869577,Nuclei,Intensity,MinIntensity,ER,76
Nuclei_RadialDistribution_ZernikeMagnitude_Mitochondria_9_9,0.09170330414702682,Nuclei,RadialDistribution,ZernikeMagnitude,Mitochondria,77
Cytoplasm_Correlation_Correlation_Hoechst_PM,0.09047679124273099,Cytoplasm,Correlation,Correlation,Hoechst,78
Cytoplasm_Texture_DifferenceEntropy_Hoechst_3_03_256,0.08935390226092281,Cytoplasm,Texture,DifferenceEntropy,Hoechst,79
Nuclei_RadialDistribution_ZernikeMagnitude_Hoechst_8_8,0.08777558762948692,Nuclei,RadialDistribution,ZernikeMagnitude,Hoechst,80
Nuclei_Intensity_MADIntensity_Mitochondria,0.08750441280193132,Nuclei,Intensity,MADIntensity,Mitochondria,81
Cells_RadialDistribution_ZernikeMagnitude_Actin_7_1,0.08737109503107171,Cells,RadialDistribution,ZernikeMagnitude,Actin,82
Cytoplasm_AreaShape_Zernike_7_5,0.08551903215562823,Cytoplasm,AreaShape,Zernike,7,83
Cells_RadialDistribution_ZernikeMagnitude_Mitochondria_6_6,0.08471060109957092,Cells,RadialDistribution,ZernikeMagnitude,Mitochondria,84
Cytoplasm_RadialDistribution_RadialCV_ER_3of4,0.08389989115328787,Cytoplasm,RadialDistribution,RadialCV,ER,85
Cytoplasm_Texture_Contrast_Actin_3_03_256,0.0838686617153031,Cytoplasm,Texture,Contrast,Actin,86
Nuclei_RadialDistribution_ZernikeMagnitude_Actin_5_5,0.08348854344615841,Nuclei,RadialDistribution,ZernikeMagnitude,Actin,87
Cytoplasm_AreaShape_Zernike_7_3,0.08079053386093292,Cytoplasm,AreaShape,Zernike,7,88
Cells_RadialDistribution_MeanFrac_PM_4of4,0.08075188027367736,Cells,RadialDistribution,MeanFrac,PM,89
Cytoplasm_Texture_InfoMeas1_Mitochondria_3_03_256,0.079392207292672,Cytoplasm,Texture,InfoMeas1,Mitochondria,90
Cytoplasm_RadialDistribution_ZernikeMagnitude_Mitochondria_7_3,0.07797756309994162,Cytoplasm,RadialDistribution,ZernikeMagnitude,Mitochondria,91
Cytoplasm_Intensity_MADIntensity_ER,0.07643985893293677,Cytoplasm,Intensity,MADIntensity,ER,92
Cytoplasm_AreaShape_Zernike_6_0,0.07551048821606672,Cytoplasm,AreaShape,Zernike,6,93
Nuclei_RadialDistribution_ZernikeMagnitude_PM_6_4,0.07477397957738458,Nuclei,RadialDistribution,ZernikeMagnitude,PM,94
Cytoplasm_RadialDistribution_ZernikeMagnitude_Actin_8_2,0.07325278006721717,Cytoplasm,RadialDistribution,ZernikeMagnitude,Actin,95
Cytoplasm_RadialDistribution_FracAtD_ER_3of4,0.07293485656583928,Cytoplasm,RadialDistribution,FracAtD,ER,96
Nuclei_Texture_InfoMeas1_ER_3_02_256,0.0729263446297964,Nuclei,Texture,InfoMeas1,ER,97
Cytoplasm_Intensity_MeanIntensity_Hoechst,0.07209704667804984,Cytoplasm,Intensity,MeanIntensity,Hoechst,98
Cells_Correlation_Overlap_ER_Hoechst,0.07157819785963132,Cells,Correlation,Overlap,ER,99
Cells_AreaShape_Zernike_4_0,0.07128114008347967,Cells,AreaShape,Zernike,4,100
Nuclei_RadialDistribution_ZernikeMagnitude_Hoechst_6_6,0.07068609289702592,Nuclei,RadialDistribution,ZernikeMagnitude,Hoechst,101
Nuclei_Texture_SumVariance_Mitochondria_3_03_256,0.0687321784838082,Nuclei,Texture,SumVariance,Mitochondria,102
Cytoplasm_Intensity_IntegratedIntensity_PM,0.06849683579675886,Cytoplasm,Intensity,IntegratedIntensity,PM,103
Cytoplasm_Correlation_Correlation_Mitochondria_PM,0.06727767552576855,Cytoplasm,Correlation,Correlation,Mitochondria,104
Nuclei_Correlation_Overlap_Actin_Hoechst,0.06702523668306466,Nuclei,Correlation,Overlap,Actin,105
Cells_Correlation_K_Hoechst_ER,0.06602451745091356,Cells,Correlation,K,Hoechst,106
Cells_RadialDistribution_FracAtD_Actin_1of4,0.06595165031224708,Cells,RadialDistribution,FracAtD,Actin,107
Nuclei_Texture_AngularSecondMoment_Hoechst_3_01_256,0.06545107297932178,Nuclei,Texture,AngularSecondMoment,Hoechst,108
Cells_Correlation_Correlation_Actin_PM,0.06516574402620834,Cells,Correlation,Correlation,Actin,109
Cells_RadialDistribution_ZernikeMagnitude_Actin_2_2,0.06462520568343313,Cells,RadialDistribution,ZernikeMagnitude,Actin,110
Nuclei_Intensity_LowerQuartileIntensity_Hoechst,0.06395155999724057,Nuclei,Intensity,LowerQuartileIntensity,Hoechst,111
Nuclei_RadialDistribution_RadialCV_Actin_4of4,0.0630502177561121,Nuclei,RadialDistribution,RadialCV,Actin,112
Nuclei_AreaShape_Zernike_4_4,0.062053448853782917,Nuclei,AreaShape,Zernike,4,113
Cytoplasm_RadialDistribution_ZernikeMagnitude_ER_4_4,0.061356605023949476,Cytoplasm,RadialDistribution,ZernikeMagnitude,ER,114
Nuclei_Correlation_K_Actin_PM,0.06066057025142649,Nuclei,Correlation,K,Actin,115
Cytoplasm_Texture_Contrast_ER_3_00_256,0.05865538048574889,Cytoplasm,Texture,Contrast,ER,116
Cells_Neighbors_AngleBetweenNeighbors_Adjacent,0.05849922580953271,Cells,Neighbors,AngleBetweenNeighbors,Adjacent,117
Cytoplasm_RadialDistribution_ZernikeMagnitude_PM_9_1,0.05758629358890996,Cytoplasm,RadialDistribution,ZernikeMagnitude,PM,118
Nuclei_AreaShape_Zernike_5_1,0.05613965508960623,Nuclei,AreaShape,Zernike,5,119
Cytoplasm_RadialDistribution_ZernikeMagnitude_ER_4_0,0.055477789729553556,Cytoplasm,RadialDistribution,ZernikeMagnitude,ER,120
Cytoplasm_RadialDistribution_MeanFrac_Mitochondria_2of4,0.055388104221583606,Cytoplasm,RadialDistribution,MeanFrac,Mitochondria,121
Cytoplasm_RadialDistribution_ZernikeMagnitude_PM_9_5,0.053858211425397116,Cytoplasm,RadialDistribution,ZernikeMagnitude,PM,122
Cytoplasm_Texture_SumVariance_Mitochondria_3_01_256,0.0529757428414072,Cytoplasm,Texture,SumVariance,Mitochondria,123
Nuclei_Texture_InfoMeas1_Mitochondria_3_00_256,0.05295700058224822,Nuclei,Texture,InfoMeas1,Mitochondria,124
Cytoplasm_RadialDistribution_RadialCV_ER_4of4,0.05123658042267402,Cytoplasm,RadialDistribution,RadialCV,ER,125
Nuclei_RadialDistribution_RadialCV_ER_4of4,0.05043342654534418,Nuclei,RadialDistribution,RadialCV,ER,126
Cells_RadialDistribution_ZernikeMagnitude_ER_8_6,0.04992619279496852,Cells,RadialDistribution,ZernikeMagnitude,ER,127
Nuclei_RadialDistribution_ZernikeMagnitude_ER_5_5,0.049285056187882564,Nuclei,RadialDistribution,ZernikeMagnitude,ER,128
Cells_Intensity_MaxIntensityEdge_ER,0.04913934134744596,Cells,Intensity,MaxIntensityEdge,ER,129
Cytoplasm_Texture_InfoMeas2_Hoechst_3_02_256,0.048936221350193175,Cytoplasm,Texture,InfoMeas2,Hoechst,130
Nuclei_AreaShape_Extent,0.04888467317430048,Nuclei,AreaShape,Extent,,131
Nuclei_RadialDistribution_RadialCV_ER_1of4,0.04887169592180646,Nuclei,RadialDistribution,RadialCV,ER,132
Cytoplasm_Texture_DifferenceVariance_PM_3_00_256,0.04809207497781143,Cytoplasm,Texture,DifferenceVariance,PM,133
Nuclei_RadialDistribution_ZernikeMagnitude_Hoechst_4_0,0.046073705420501224,Nuclei,RadialDistribution,ZernikeMagnitude,Hoechst,134
Nuclei_Correlation_K_Actin_Mitochondria,0.04547702179948826,Nuclei,Correlation,K,Actin,135
Cells_AreaShape_Zernike_8_2,0.04465184801040611,Cells,AreaShape,Zernike,8,136
Cytoplasm_RadialDistribution_ZernikeMagnitude_Actin_7_1,0.04400142682382569,Cytoplasm,RadialDistribution,ZernikeMagnitude,Actin,137
Nuclei_RadialDistribution_ZernikeMagnitude_Hoechst_8_2,0.04306596654609369,Nuclei,RadialDistribution,ZernikeMagnitude,Hoechst,138
Cells_RadialDistribution_ZernikeMagnitude_Actin_8_8,0.04263666214443047,Cells,RadialDistribution,ZernikeMagnitude,Actin,139
Cytoplasm_RadialDistribution_RadialCV_Actin_4of4,0.04232995315688319,Cytoplasm,RadialDistribution,RadialCV,Actin,140
Nuclei_Granularity_1_PM,0.04207270264397199,Nuclei,Granularity,1,PM,141
Nuclei_RadialDistribution_ZernikeMagnitude_Actin_9_5,0.0418577438797912,Nuclei,RadialDistribution,ZernikeMagnitude,Actin,142
Cytoplasm_Correlation_Correlation_ER_PM,0.04168549147608891,Cytoplasm,Correlation,Correlation,ER,143
Nuclei_Texture_Contrast_Actin_3_02_256,0.04150303696544852,Nuclei,Texture,Contrast,Actin,144
Cells_RadialDistribution_ZernikeMagnitude_PM_8_4,0.04145452809054724,Cells,RadialDistribution,ZernikeMagnitude,PM,145
Cytoplasm_AreaShape_Orientation,0.04123523604055748,Cytoplasm,AreaShape,Orientation,,146
Cells_RadialDistribution_RadialCV_Mitochondria_2of4,0.04086440970331404,Cells,RadialDistribution,RadialCV,Mitochondria,147
Nuclei_RadialDistribution_ZernikeMagnitude_Hoechst_6_2,0.03981233556722447,Nuclei,RadialDistribution,ZernikeMagnitude,Hoechst,148
Cells_RadialDistribution_ZernikeMagnitude_Hoechst_9_5,0.03853683484169349,Cells,RadialDistribution,ZernikeMagnitude,Hoechst,149
Nuclei_Correlation_Overlap_Hoechst_Mitochondria,0.0378045299051143,Nuclei,Correlation,Overlap,Hoechst,150
Nuclei_RadialDistribution_ZernikeMagnitude_PM_5_1,0.036316489531783305,Nuclei,RadialDistribution,ZernikeMagnitude,PM,151
Cytoplasm_RadialDistribution_ZernikeMagnitude_Actin_3_1,0.0362067720088178,Cytoplasm,RadialDistribution,ZernikeMagnitude,Actin,152
Cytoplasm_RadialDistribution_ZernikeMagnitude_Mitochondria_8_4,0.035374804256023996,Cytoplasm,RadialDistribution,ZernikeMagnitude,Mitochondria,153
Cytoplasm_AreaShape_Zernike_8_0,0.034932566223424014,Cytoplasm,AreaShape,Zernike,8,154
Nuclei_RadialDistribution_ZernikeMagnitude_ER_7_1,0.03449934344974171,Nuclei,RadialDistribution,ZernikeMagnitude,ER,155
Nuclei_AreaShape_Zernike_7_5,0.03433181810300117,Nuclei,AreaShape,Zernike,7,156
Nuclei_RadialDistribution_RadialCV_Mitochondria_1of4,0.033912990323414355,Nuclei,RadialDistribution,RadialCV,Mitochondria,157
Cytoplasm_RadialDistribution_RadialCV_Actin_2of4,0.03355305933404215,Cytoplasm,RadialDistribution,RadialCV,Actin,158
Cytoplasm_AreaShape_Zernike_9_1,0.03354947905423422,Cytoplasm,AreaShape,Zernike,9,159
Nuclei_RadialDistribution_ZernikeMagnitude_Mitochondria_7_5,0.032795061797515034,Nuclei,RadialDistribution,ZernikeMagnitude,Mitochondria,160
Cells_RadialDistribution_FracAtD_Actin_3of4,0.03228002495690887,Cells,RadialDistribution,FracAtD,Actin,161
Nuclei_Intensity_MassDisplacement_Hoechst,0.03082246751279777,Nuclei,Intensity,MassDisplacement,Hoechst,162
Nuclei_RadialDistribution_ZernikeMagnitude_Actin_8_4,0.0304426910480148,Nuclei,RadialDistribution,ZernikeMagnitude,Actin,163
Cells_RadialDistribution_ZernikeMagnitude_Actin_6_2,0.028917412000346386,Cells,RadialDistribution,ZernikeMagnitude,Actin,164
Nuclei_AreaShape_Zernike_8_8,0.027893608044409123,Nuclei,AreaShape,Zernike,8,165
Cells_RadialDistribution_ZernikeMagnitude_Mitochondria_9_3,0.02784615367614968,Cells,RadialDistribution,ZernikeMagnitude,Mitochondria,166
Nuclei_Texture_Correlation_PM_3_01_256,0.027304210642684654,Nuclei,Texture,Correlation,PM,167
Cytoplasm_Correlation_Manders_PM_Mitochondria,0.027095067587802127,Cytoplasm,Correlation,Manders,PM,168
Cells_RadialDistribution_ZernikeMagnitude_PM_8_8,0.025870179873845243,Cells,RadialDistribution,ZernikeMagnitude,PM,169
Cells_RadialDistribution_ZernikeMagnitude_ER_8_2,0.025779452775614498,Cells,RadialDistribution,ZernikeMagnitude,ER,170
Cytoplasm_AreaShape_Zernike_8_4,0.02492655544190697,Cytoplasm,AreaShape,Zernike,8,171
Cells_AreaShape_Zernike_9_1,0.02418535371707061,Cells,AreaShape,Zernike,9,172
Cytoplasm_RadialDistribution_ZernikeMagnitude_Mitochondria_9_1,0.023575866147569798,Cytoplasm,RadialDistribution,ZernikeMagnitude,Mitochondria,173
Nuclei_AreaShape_Zernike_9_5,0.023350595071979282,Nuclei,AreaShape,Zernike,9,174
Cytoplasm_Intensity_MassDisplacement_ER,0.022555273580410765,Cytoplasm,Intensity,MassDisplacement,ER,175
Nuclei_RadialDistribution_ZernikeMagnitude_Mitochondria_8_6,0.022402903631497367,Nuclei,RadialDistribution,ZernikeMagnitude,Mitochondria,176
Nuclei_Intensity_MassDisplacement_ER,0.021566877675381284,Nuclei,Intensity,MassDisplacement,ER,177
Cells_RadialDistribution_FracAtD_Actin_2of4,0.021284353196964877,Cells,RadialDistribution,FracAtD,Actin,178
Cytoplasm_Intensity_MaxIntensityEdge_Hoechst,0.019799217867893352,Cytoplasm,Intensity,MaxIntensityEdge,Hoechst,179
Nuclei_RadialDistribution_ZernikeMagnitude_ER_4_2,0.018447651713782327,Nuclei,RadialDistribution,ZernikeMagnitude,ER,180
Cells_RadialDistribution_MeanFrac_Actin_1of4,0.018006414621338878,Cells,RadialDistribution,MeanFrac,Actin,181
Cells_RadialDistribution_RadialCV_ER_3of4,0.017761243921216308,Cells,RadialDistribution,RadialCV,ER,182
Nuclei_AreaShape_Zernike_8_6,0.01767736152829297,Nuclei,AreaShape,Zernike,8,183
Cytoplasm_RadialDistribution_MeanFrac_Hoechst_4of4,0.016786076280054664,Cytoplasm,RadialDistribution,MeanFrac,Hoechst,184
Cells_RadialDistribution_RadialCV_PM_2of4,0.014914284781624298,Cells,RadialDistribution,RadialCV,PM,185
Nuclei_Texture_InfoMeas2_Hoechst_3_01_256,0.014538863577275187,Nuclei,Texture,InfoMeas2,Hoechst,186
Nuclei_RadialDistribution_MeanFrac_Mitochondria_3of4,0.013987028808846783,Nuclei,RadialDistribution,MeanFrac,Mitochondria,187
Nuclei_RadialDistribution_ZernikeMagnitude_ER_9_7,0.013271307603870424,Nuclei,RadialDistribution,ZernikeMagnitude,ER,188
Cells_Texture_InfoMeas1_Actin_3_01_256,0.013158398016128817,Cells,Texture,InfoMeas1,Actin,189
Cells_RadialDistribution_RadialCV_Hoechst_4of4,0.013123966521066408,Cells,RadialDistribution,RadialCV,Hoechst,190
Cytoplasm_RadialDistribution_FracAtD_Hoechst_4of4,0.012933306039323226,Cytoplasm,RadialDistribution,FracAtD,Hoechst,191
Cells_AreaShape_Zernike_7_7,0.012447001191907867,Cells,AreaShape,Zernike,7,192
Cells_RadialDistribution_ZernikeMagnitude_Mitochondria_8_2,0.01162501117306901,Cells,RadialDistribution,ZernikeMagnitude,Mitochondria,193
Cells_Intensity_StdIntensityEdge_ER,0.011391231609750498,Cells,Intensity,StdIntensityEdge,ER,194
Cells_Intensity_MaxIntensityEdge_PM,0.011373423513316059,Cells,Intensity,MaxIntensityEdge,PM,195
Cells_RadialDistribution_RadialCV_ER_4of4,0.010774600628351023,Cells,RadialDistribution,RadialCV,ER,196
Cytoplasm_AreaShape_Zernike_7_1,0.01056475787806064,Cytoplasm,AreaShape,Zernike,7,197
Cells_RadialDistribution_RadialCV_Actin_4of4,0.010328952986608951,Cells,RadialDistribution,RadialCV,Actin,198
Nuclei_Correlation_RWC_PM_Mitochondria,0.01028691819125872,Nuclei,Correlation,RWC,PM,199
Cells_Correlation_RWC_ER_Hoechst,0.00995422820418708,Cells,Correlation,RWC,ER,200
Nuclei_RadialDistribution_ZernikeMagnitude_Hoechst_7_7,0.009553245655731733,Nuclei,RadialDistribution,ZernikeMagnitude,Hoechst,201
Cells_Correlation_Correlation_ER_Hoechst,0.00921018889900884,Cells,Correlation,Correlation,ER,202
Nuclei_Texture_Contrast_Mitochondria_3_03_256,0.00884282363247271,Nuclei,Texture,Contrast,Mitochondria,203
Nuclei_RadialDistribution_ZernikeMagnitude_PM_7_1,0.008706329769822203,Nuclei,RadialDistribution,ZernikeMagnitude,PM,204
Cells_RadialDistribution_ZernikeMagnitude_Actin_9_9,0.008583403489599803,Cells,RadialDistribution,ZernikeMagnitude,Actin,205
Cells_Intensity_StdIntensityEdge_Mitochondria,0.008161998632495953,Cells,Intensity,StdIntensityEdge,Mitochondria,206
Cytoplasm_RadialDistribution_ZernikeMagnitude_ER_7_1,0.007114223251489074,Cytoplasm,RadialDistribution,ZernikeMagnitude,ER,207
Nuclei_RadialDistribution_ZernikeMagnitude_Actin_7_1,0.006551468830517707,Nuclei,RadialDistribution,ZernikeMagnitude,Actin,208
Nuclei_Correlation_RWC_ER_Actin,0.006248819415057936,Nuclei,Correlation,RWC,ER,209
Cytoplasm_Texture_Contrast_PM_3_00_256,0.005862379891054368,Cytoplasm,Texture,Contrast,PM,210
Cytoplasm_RadialDistribution_ZernikeMagnitude_ER_6_0,0.005756241224629481,Cytoplasm,RadialDistribution,ZernikeMagnitude,ER,211
Nuclei_Texture_DifferenceEntropy_ER_3_02_256,0.005206232104763002,Nuclei,Texture,DifferenceEntropy,ER,212
Cells_RadialDistribution_ZernikeMagnitude_Actin_8_0,0.004190793431888829,Cells,RadialDistribution,ZernikeMagnitude,Actin,213
Cells_RadialDistribution_ZernikeMagnitude_PM_6_2,0.004134715999057207,Cells,RadialDistribution,ZernikeMagnitude,PM,214
Cells_RadialDistribution_FracAtD_Hoechst_3of4,0.00368535336255402,Cells,RadialDistribution,FracAtD,Hoechst,215
Cytoplasm_AreaShape_Zernike_8_6,0.003643256375560983,Cytoplasm,AreaShape,Zernike,8,216
Nuclei_Correlation_RWC_Actin_ER,0.002891146710134485,Nuclei,Correlation,RWC,Actin,217
Nuclei_AreaShape_Zernike_6_6,0.0028352978959794778,Nuclei,AreaShape,Zernike,6,218
Cytoplasm_Texture_InfoMeas2_Mitochondria_3_00_256,0.00268949542838788,Cytoplasm,Texture,InfoMeas2,Mitochondria,219
Cytoplasm_RadialDistribution_ZernikeMagnitude_PM_4_0,0.002288085261537727,Cytoplasm,RadialDistribution,ZernikeMagnitude,PM,220
Cells_AreaShape_Extent,0.002166393899712081,Cells,AreaShape,Extent,,221
Nuclei_RadialDistribution_ZernikeMagnitude_Hoechst_9_9,0.0020546060704743924,Nuclei,RadialDistribution,ZernikeMagnitude,Hoechst,222
Nuclei_AreaShape_Zernike_9_7,0.0013461568326170383,Nuclei,AreaShape,Zernike,9,223
Cytoplasm_Texture_Contrast_Actin_3_00_256,0.001183905376758898,Cytoplasm,Texture,Contrast,Actin,224
Cells_AreaShape_FormFactor,5.1741891720509544e-05,Cells,AreaShape,FormFactor,,225
Cytoplasm_RadialDistribution_ZernikeMagnitude_PM_8_4,1.0007605271758483e-08,Cytoplasm,RadialDistribution,ZernikeMagnitude,PM,226
Cytoplasm_Correlation_Correlation_Hoechst_Mitochondria,8.053409309920868e-09,Cytoplasm,Correlation,Correlation,Hoechst,227
Nuclei_AreaShape_Zernike_8_2,7.2055127260417206e-09,Nuclei,AreaShape,Zernike,8,228
Nuclei_Correlation_K_Hoechst_PM,5.2228115894178075e-09,Nuclei,Correlation,K,Hoechst,229
Nuclei_Texture_InfoMeas2_Actin_3_03_256,1.7115875128430871e-09,Nuclei,Texture,InfoMeas2,Actin,230
Nuclei_Intensity_MassDisplacement_Mitochondria,0.0,Nuclei,Intensity,MassDisplacement,Mitochondria,231
Cytoplasm_Texture_Correlation_Mitochondria_3_01_256,0.0,Cytoplasm,Texture,Correlation,Mitochondria,232
Nuclei_AreaShape_Zernike_2_0,0.0,Nuclei,AreaShape,Zernike,2,233
Nuclei_AreaShape_Zernike_6_2,0.0,Nuclei,AreaShape,Zernike,6,234
Nuclei_RadialDistribution_ZernikeMagnitude_PM_9_5,0.0,Nuclei,RadialDistribution,ZernikeMagnitude,PM,235
Nuclei_RadialDistribution_ZernikeMagnitude_ER_1_1,0.0,Nuclei,RadialDistribution,ZernikeMagnitude,ER,236
Cytoplasm_Texture_DifferenceEntropy_Mitochondria_3_02_256,0.0,Cytoplasm,Texture,DifferenceEntropy,Mitochondria,237
Cells_RadialDistribution_ZernikeMagnitude_Actin_3_3,0.0,Cells,RadialDistribution,ZernikeMagnitude,Actin,238
Nuclei_Texture_DifferenceEntropy_Mitochondria_3_00_256,0.0,Nuclei,Texture,DifferenceEntropy,Mitochondria,239
Cytoplasm_RadialDistribution_FracAtD_Actin_1of4,0.0,Cytoplasm,RadialDistribution,FracAtD,Actin,240
Cells_Intensity_MeanIntensityEdge_PM,0.0,Cells,Intensity,MeanIntensityEdge,PM,241
Nuclei_Correlation_RWC_Hoechst_Mitochondria,0.0,Nuclei,Correlation,RWC,Hoechst,242
Cytoplasm_RadialDistribution_MeanFrac_Mitochondria_3of4,0.0,Cytoplasm,RadialDistribution,MeanFrac,Mitochondria,243
Nuclei_Correlation_K_Hoechst_ER,0.0,Nuclei,Correlation,K,Hoechst,244
Nuclei_Correlation_Correlation_Actin_PM,0.0,Nuclei,Correlation,Correlation,Actin,245
Cytoplasm_RadialDistribution_MeanFrac_Actin_3of4,0.0,Cytoplasm,RadialDistribution,MeanFrac,Actin,246
Nuclei_Correlation_RWC_Hoechst_Actin,0.0,Nuclei,Correlation,RWC,Hoechst,247
Cytoplasm_Intensity_StdIntensityEdge_Mitochondria,0.0,Cytoplasm,Intensity,StdIntensityEdge,Mitochondria,248
Nuclei_Texture_InfoMeas2_Actin_3_01_256,0.0,Nuclei,Texture,InfoMeas2,Actin,249
Nuclei_RadialDistribution_ZernikeMagnitude_Mitochondria_9_1,0.0,Nuclei,RadialDistribution,ZernikeMagnitude,Mitochondria,250
Nuclei_RadialDistribution_ZernikeMagnitude_Hoechst_3_3,0.0,Nuclei,RadialDistribution,ZernikeMagnitude,Hoechst,251
Nuclei_RadialDistribution_FracAtD_Mitochondria_4of4,0.0,Nuclei,RadialDistribution,FracAtD,Mitochondria,252
Cytoplasm_RadialDistribution_FracAtD_ER_4of4,0.0,Cytoplasm,RadialDistribution,FracAtD,ER,253
Nuclei_Intensity_IntegratedIntensityEdge_Hoechst,0.0,Nuclei,Intensity,IntegratedIntensityEdge,Hoechst,254
Nuclei_Correlation_RWC_Hoechst_PM,0.0,Nuclei,Correlation,RWC,Hoechst,255
Nuclei_RadialDistribution_ZernikeMagnitude_Mitochondria_6_2,0.0,Nuclei,RadialDistribution,ZernikeMagnitude,Mitochondria,256
Nuclei_RadialDistribution_MeanFrac_PM_4of4,0.0,Nuclei,RadialDistribution,MeanFrac,PM,257
Cells_RadialDistribution_ZernikeMagnitude_Actin_5_5,0.0,Cells,RadialDistribution,ZernikeMagnitude,Actin,258
Cytoplasm_RadialDistribution_ZernikeMagnitude_Mitochondria_7_1,0.0,Cytoplasm,RadialDistribution,ZernikeMagnitude,Mitochondria,259
Nuclei_RadialDistribution_ZernikeMagnitude_Actin_7_3,0.0,Nuclei,RadialDistribution,ZernikeMagnitude,Actin,260
Cytoplasm_Granularity_2_Hoechst,0.0,Cytoplasm,Granularity,2,Hoechst,261
Cells_RadialDistribution_RadialCV_PM_1of4,0.0,Cells,RadialDistribution,RadialCV,PM,262
Nuclei_RadialDistribution_ZernikeMagnitude_ER_6_2,0.0,Nuclei,RadialDistribution,ZernikeMagnitude,ER,263
Cytoplasm_Texture_InfoMeas1_ER_3_01_256,0.0,Cytoplasm,Texture,InfoMeas1,ER,264
Cytoplasm_RadialDistribution_RadialCV_ER_1of4,0.0,Cytoplasm,RadialDistribution,RadialCV,ER,265
Cells_RadialDistribution_ZernikeMagnitude_Actin_5_1,0.0,Cells,RadialDistribution,ZernikeMagnitude,Actin,266
Nuclei_RadialDistribution_RadialCV_Mitochondria_3of4,0.0,Nuclei,RadialDistribution,RadialCV,Mitochondria,267
Nuclei_Intensity_IntegratedIntensity_Mitochondria,0.0,Nuclei,Intensity,IntegratedIntensity,Mitochondria,268
Nuclei_RadialDistribution_ZernikeMagnitude_Mitochondria_8_4,0.0,Nuclei,RadialDistribution,ZernikeMagnitude,Mitochondria,269
Cells_Intensity_IntegratedIntensityEdge_Hoechst,0.0,Cells,Intensity,IntegratedIntensityEdge,Hoechst,270
Nuclei_RadialDistribution_ZernikeMagnitude_Mitochondria_2_0,0.0,Nuclei,RadialDistribution,ZernikeMagnitude,Mitochondria,271
Nuclei_RadialDistribution_ZernikeMagnitude_Hoechst_7_3,0.0,Nuclei,RadialDistribution,ZernikeMagnitude,Hoechst,272
Nuclei_RadialDistribution_ZernikeMagnitude_Hoechst_4_2,0.0,Nuclei,RadialDistribution,ZernikeMagnitude,Hoechst,273
Nuclei_Texture_DifferenceEntropy_ER_3_00_256,0.0,Nuclei,Texture,DifferenceEntropy,ER,274
Cells_Correlation_Manders_PM_Actin,0.0,Cells,Correlation,Manders,PM,275
Cytoplasm_RadialDistribution_ZernikeMagnitude_ER_9_5,0.0,Cytoplasm,RadialDistribution,ZernikeMagnitude,ER,276
Nuclei_RadialDistribution_ZernikeMagnitude_ER_8_2,0.0,Nuclei,RadialDistribution,ZernikeMagnitude,ER,277
Cytoplasm_RadialDistribution_ZernikeMagnitude_ER_2_0,0.0,Cytoplasm,RadialDistribution,ZernikeMagnitude,ER,278
Cytoplasm_RadialDistribution_FracAtD_Actin_2of4,0.0,Cytoplasm,RadialDistribution,FracAtD,Actin,279
Cytoplasm_RadialDistribution_ZernikeMagnitude_Actin_5_3,0.0,Cytoplasm,RadialDistribution,ZernikeMagnitude,Actin,280
Cells_Texture_AngularSecondMoment_PM_3_01_256,0.0,Cells,Texture,AngularSecondMoment,PM,281
Nuclei_Texture_InfoMeas1_Hoechst_3_03_256,0.0,Nuclei,Texture,InfoMeas1,Hoechst,282
Nuclei_Texture_InfoMeas1_PM_3_00_256,0.0,Nuclei,Texture,InfoMeas1,PM,283
Nuclei_Texture_InfoMeas1_Actin_3_01_256,0.0,Nuclei,Texture,InfoMeas1,Actin,284
Cells_RadialDistribution_ZernikeMagnitude_PM_6_0,0.0,Cells,RadialDistribution,ZernikeMagnitude,PM,285
Cells_RadialDistribution_ZernikeMagnitude_ER_6_0,0.0,Cells,RadialDistribution,ZernikeMagnitude,ER,286
Nuclei_RadialDistribution_ZernikeMagnitude_PM_8_0,0.0,Nuclei,RadialDistribution,ZernikeMagnitude,PM,287
Nuclei_RadialDistribution_ZernikeMagnitude_Hoechst_9_5,0.0,Nuclei,RadialDistribution,ZernikeMagnitude,Hoechst,288
Nuclei_RadialDistribution_ZernikeMagnitude_Hoechst_7_5,0.0,Nuclei,RadialDistribution,ZernikeMagnitude,Hoechst,289
Nuclei_AreaShape_Zernike_1_1,0.0,Nuclei,AreaShape,Zernike,1,290
Nuclei_Texture_Correlation_Hoechst_3_02_256,0.0,Nuclei,Texture,Correlation,Hoechst,291
Cells_Correlation_Manders_PM_Mitochondria,0.0,Cells,Correlation,Manders,PM,292
Nuclei_RadialDistribution_MeanFrac_Hoechst_1of4,0.0,Nuclei,RadialDistribution,MeanFrac,Hoechst,293
Nuclei_RadialDistribution_ZernikeMagnitude_ER_7_7,0.0,Nuclei,RadialDistribution,ZernikeMagnitude,ER,294
Cells_Texture_DifferenceVariance_Hoechst_3_03_256,0.0,Cells,Texture,DifferenceVariance,Hoechst,295
Cytoplasm_RadialDistribution_ZernikeMagnitude_Mitochondria_4_2,0.0,Cytoplasm,RadialDistribution,ZernikeMagnitude,Mitochondria,296
Nuclei_RadialDistribution_RadialCV_PM_3of4,0.0,Nuclei,RadialDistribution,RadialCV,PM,297
Cytoplasm_RadialDistribution_ZernikeMagnitude_ER_3_1,0.0,Cytoplasm,RadialDistribution,ZernikeMagnitude,ER,298
Cytoplasm_RadialDistribution_RadialCV_Mitochondria_4of4,0.0,Cytoplasm,RadialDistribution,RadialCV,Mitochondria,299
Nuclei_RadialDistribution_RadialCV_Mitochondria_4of4,0.0,Nuclei,RadialDistribution,RadialCV,Mitochondria,300
Cells_RadialDistribution_ZernikeMagnitude_Hoechst_2_0,0.0,Cells,RadialDistribution,ZernikeMagnitude,Hoechst,301
Cells_RadialDistribution_ZernikeMagnitude_PM_9_9,0.0,Cells,RadialDistribution,ZernikeMagnitude,PM,302
Nuclei_Texture_DifferenceEntropy_PM_3_00_256,0.0,Nuclei,Texture,DifferenceEntropy,PM,303
Cells_RadialDistribution_ZernikeMagnitude_PM_8_2,0.0,Cells,RadialDistribution,ZernikeMagnitude,PM,304
Nuclei_Texture_InverseDifferenceMoment_PM_3_00_256,0.0,Nuclei,Texture,InverseDifferenceMoment,PM,305
Cytoplasm_RadialDistribution_FracAtD_Actin_4of4,0.0,Cytoplasm,RadialDistribution,FracAtD,Actin,306
Nuclei_RadialDistribution_FracAtD_Actin_3of4,0.0,Nuclei,RadialDistribution,FracAtD,Actin,307
Cytoplasm_RadialDistribution_MeanFrac_PM_2of4,0.0,Cytoplasm,RadialDistribution,MeanFrac,PM,308
Nuclei_Intensity_StdIntensity_Mitochondria,0.0,Nuclei,Intensity,StdIntensity,Mitochondria,309
Nuclei_RadialDistribution_ZernikeMagnitude_PM_8_2,0.0,Nuclei,RadialDistribution,ZernikeMagnitude,PM,310
Nuclei_RadialDistribution_ZernikeMagnitude_PM_5_5,0.0,Nuclei,RadialDistribution,ZernikeMagnitude,PM,311
Nuclei_Texture_InfoMeas1_Hoechst_3_01_256,0.0,Nuclei,Texture,InfoMeas1,Hoechst,312
Cells_Texture_InfoMeas1_Actin_3_03_256,0.0,Cells,Texture,InfoMeas1,Actin,313
Cytoplasm_Texture_Correlation_Hoechst_3_00_256,0.0,Cytoplasm,Texture,Correlation,Hoechst,314
Cells_RadialDistribution_MeanFrac_ER_2of4,0.0,Cells,RadialDistribution,MeanFrac,ER,315
Nuclei_RadialDistribution_ZernikeMagnitude_Actin_4_4,0.0,Nuclei,RadialDistribution,ZernikeMagnitude,Actin,316
Nuclei_RadialDistribution_ZernikeMagnitude_Actin_8_6,0.0,Nuclei,RadialDistribution,ZernikeMagnitude,Actin,317
Cells_AreaShape_Zernike_8_8,0.0,Cells,AreaShape,Zernike,8,318
Cells_AreaShape_Zernike_7_3,0.0,Cells,AreaShape,Zernike,7,319
Cytoplasm_RadialDistribution_ZernikeMagnitude_Mitochondria_5_1,0.0,Cytoplasm,RadialDistribution,ZernikeMagnitude,Mitochondria,320
Nuclei_RadialDistribution_ZernikeMagnitude_ER_5_1,0.0,Nuclei,RadialDistribution,ZernikeMagnitude,ER,321
Nuclei_RadialDistribution_ZernikeMagnitude_Mitochondria_6_6,0.0,Nuclei,RadialDistribution,ZernikeMagnitude,Mitochondria,322
Nuclei_Correlation_Overlap_ER_Hoechst,0.0,Nuclei,Correlation,Overlap,ER,323
Nuclei_Texture_Correlation_Actin_3_01_256,0.0,Nuclei,Texture,Correlation,Actin,324
Cells_Texture_Correlation_Hoechst_3_01_256,0.0,Cells,Texture,Correlation,Hoechst,325
Cells_RadialDistribution_RadialCV_Hoechst_1of4,0.0,Cells,RadialDistribution,RadialCV,Hoechst,326
Cytoplasm_Correlation_RWC_ER_Hoechst,0.0,Cytoplasm,Correlation,RWC,ER,327
Cytoplasm_Intensity_StdIntensityEdge_ER,0.0,Cytoplasm,Intensity,StdIntensityEdge,ER,328
Cytoplasm_Texture_InverseDifferenceMoment_ER_3_00_256,0.0,Cytoplasm,Texture,InverseDifferenceMoment,ER,329
Cytoplasm_RadialDistribution_ZernikeMagnitude_PM_4_4,0.0,Cytoplasm,RadialDistribution,ZernikeMagnitude,PM,330
Cytoplasm_RadialDistribution_MeanFrac_Hoechst_1of4,0.0,Cytoplasm,RadialDistribution,MeanFrac,Hoechst,331
Cells_Correlation_RWC_Actin_ER,0.0,Cells,Correlation,RWC,Actin,332
Nuclei_Texture_Contrast_PM_3_01_256,0.0,Nuclei,Texture,Contrast,PM,333
Cytoplasm_RadialDistribution_ZernikeMagnitude_Hoechst_9_7,0.0,Cytoplasm,RadialDistribution,ZernikeMagnitude,Hoechst,334
Cytoplasm_Texture_Contrast_ER_3_03_256,0.0,Cytoplasm,Texture,Contrast,ER,335
Cells_RadialDistribution_RadialCV_PM_3of4,0.0,Cells,RadialDistribution,RadialCV,PM,336
Nuclei_Texture_InfoMeas1_ER_3_00_256,0.0,Nuclei,Texture,InfoMeas1,ER,337
Cells_RadialDistribution_ZernikeMagnitude_PM_7_3,0.0,Cells,RadialDistribution,ZernikeMagnitude,PM,338
Cytoplasm_Texture_InfoMeas2_Mitochondria_3_03_256,0.0,Cytoplasm,Texture,InfoMeas2,Mitochondria,339
Cells_RadialDistribution_ZernikeMagnitude_ER_9_7,0.0,Cells,RadialDistribution,ZernikeMagnitude,ER,340
Nuclei_RadialDistribution_FracAtD_Hoechst_4of4,0.0,Nuclei,RadialDistribution,FracAtD,Hoechst,341
Cytoplasm_Texture_Entropy_Mitochondria_3_00_256,0.0,Cytoplasm,Texture,Entropy,Mitochondria,342
Cytoplasm_Texture_DifferenceEntropy_Actin_3_02_256,0.0,Cytoplasm,Texture,DifferenceEntropy,Actin,343
Cells_Intensity_IntegratedIntensity_Hoechst,0.0,Cells,Intensity,IntegratedIntensity,Hoechst,344
Cells_RadialDistribution_ZernikeMagnitude_Mitochondria_7_7,0.0,Cells,RadialDistribution,ZernikeMagnitude,Mitochondria,345
Nuclei_RadialDistribution_ZernikeMagnitude_Actin_5_3,0.0,Nuclei,RadialDistribution,ZernikeMagnitude,Actin,346
Cytoplasm_RadialDistribution_ZernikeMagnitude_PM_6_0,0.0,Cytoplasm,RadialDistribution,ZernikeMagnitude,PM,347
Nuclei_RadialDistribution_ZernikeMagnitude_ER_6_4,0.0,Nuclei,RadialDistribution,ZernikeMagnitude,ER,348
Nuclei_RadialDistribution_ZernikeMagnitude_Mitochondria_8_2,0.0,Nuclei,RadialDistribution,ZernikeMagnitude,Mitochondria,349
Cells_RadialDistribution_ZernikeMagnitude_Mitochondria_9_1,0.0,Cells,RadialDistribution,ZernikeMagnitude,Mitochondria,350
Cytoplasm_Intensity_MassDisplacement_Actin,0.0,Cytoplasm,Intensity,MassDisplacement,Actin,351
Cytoplasm_Intensity_MaxIntensity_Mitochondria,0.0,Cytoplasm,Intensity,MaxIntensity,Mitochondria,352
Nuclei_RadialDistribution_ZernikeMagnitude_Actin_1_1,0.0,Nuclei,RadialDistribution,ZernikeMagnitude,Actin,353
Nuclei_RadialDistribution_ZernikeMagnitude_Hoechst_5_1,0.0,Nuclei,RadialDistribution,ZernikeMagnitude,Hoechst,354
Nuclei_Texture_Correlation_Actin_3_00_256,0.0,Nuclei,Texture,Correlation,Actin,355
Cells_RadialDistribution_ZernikeMagnitude_Actin_8_2,0.0,Cells,RadialDistribution,ZernikeMagnitude,Actin,356
Cells_RadialDistribution_FracAtD_PM_3of4,0.0,Cells,RadialDistribution,FracAtD,PM,357
Cytoplasm_AreaShape_Zernike_9_3,0.0,Cytoplasm,AreaShape,Zernike,9,358
Cytoplasm_Intensity_MaxIntensityEdge_PM,0.0,Cytoplasm,Intensity,MaxIntensityEdge,PM,359
Cytoplasm_Intensity_IntegratedIntensity_Hoechst,0.0,Cytoplasm,Intensity,IntegratedIntensity,Hoechst,360
Nuclei_RadialDistribution_RadialCV_Actin_1of4,0.0,Nuclei,RadialDistribution,RadialCV,Actin,361
Nuclei_Intensity_LowerQuartileIntensity_Actin,0.0,Nuclei,Intensity,LowerQuartileIntensity,Actin,362
Nuclei_RadialDistribution_ZernikeMagnitude_Actin_7_7,0.0,Nuclei,RadialDistribution,ZernikeMagnitude,Actin,363
Cytoplasm_RadialDistribution_FracAtD_Mitochondria_3of4,0.0,Cytoplasm,RadialDistribution,FracAtD,Mitochondria,364
Cells_RadialDistribution_MeanFrac_ER_3of4,0.0,Cells,RadialDistribution,MeanFrac,ER,365
Cytoplasm_RadialDistribution_ZernikeMagnitude_PM_4_2,0.0,Cytoplasm,RadialDistribution,ZernikeMagnitude,PM,366
Cytoplasm_RadialDistribution_ZernikeMagnitude_PM_7_5,0.0,Cytoplasm,RadialDistribution,ZernikeMagnitude,PM,367
Nuclei_RadialDistribution_ZernikeMagnitude_ER_7_3,0.0,Nuclei,RadialDistribution,ZernikeMagnitude,ER,368
Cytoplasm_RadialDistribution_FracAtD_Hoechst_1of4,0.0,Cytoplasm,RadialDistribution,FracAtD,Hoechst,369
Cytoplasm_RadialDistribution_MeanFrac_Actin_2of4,0.0,Cytoplasm,RadialDistribution,MeanFrac,Actin,370
Nuclei_RadialDistribution_ZernikeMagnitude_Hoechst_8_4,0.0,Nuclei,RadialDistribution,ZernikeMagnitude,Hoechst,371
Cytoplasm_RadialDistribution_ZernikeMagnitude_Actin_1_1,0.0,Cytoplasm,RadialDistribution,ZernikeMagnitude,Actin,372
Cells_RadialDistribution_RadialCV_ER_1of4,0.0,Cells,RadialDistribution,RadialCV,ER,373
Cells_Intensity_UpperQuartileIntensity_Hoechst,0.0,Cells,Intensity,UpperQuartileIntensity,Hoechst,374
Cells_AreaShape_Solidity,0.0,Cells,AreaShape,Solidity,,375
Cytoplasm_Correlation_RWC_Mitochondria_ER,0.0,Cytoplasm,Correlation,RWC,Mitochondria,376
Nuclei_Texture_Contrast_PM_3_03_256,0.0,Nuclei,Texture,Contrast,PM,377
Nuclei_Texture_DifferenceEntropy_Actin_3_00_256,0.0,Nuclei,Texture,DifferenceEntropy,Actin,378
Cytoplasm_RadialDistribution_ZernikeMagnitude_Hoechst_3_3,0.0,Cytoplasm,RadialDistribution,ZernikeMagnitude,Hoechst,379
Nuclei_AreaShape_Zernike_4_0,0.0,Nuclei,AreaShape,Zernike,4,380
Cells_RadialDistribution_ZernikeMagnitude_Hoechst_6_0,0.0,Cells,RadialDistribution,ZernikeMagnitude,Hoechst,381
Nuclei_Texture_InfoMeas1_ER_3_01_256,0.0,Nuclei,Texture,InfoMeas1,ER,382
Cells_RadialDistribution_MeanFrac_Actin_3of4,0.0,Cells,RadialDistribution,MeanFrac,Actin,383
Nuclei_Texture_InverseDifferenceMoment_ER_3_00_256,0.0,Nuclei,Texture,InverseDifferenceMoment,ER,384
Nuclei_RadialDistribution_MeanFrac_ER_2of4,0.0,Nuclei,RadialDistribution,MeanFrac,ER,385
Nuclei_Texture_Contrast_Actin_3_00_256,0.0,Nuclei,Texture,Contrast,Actin,386
Nuclei_RadialDistribution_MeanFrac_Actin_4of4,0.0,Nuclei,RadialDistribution,MeanFrac,Actin,387
Cytoplasm_RadialDistribution_ZernikeMagnitude_PM_5_5,0.0,Cytoplasm,RadialDistribution,ZernikeMagnitude,PM,388
Cells_RadialDistribution_ZernikeMagnitude_Mitochondria_8_0,0.0,Cells,RadialDistribution,ZernikeMagnitude,Mitochondria,389
Cells_RadialDistribution_MeanFrac_PM_2of4,0.0,Cells,RadialDistribution,MeanFrac,PM,390
Nuclei_Texture_InfoMeas2_Mitochondria_3_03_256,0.0,Nuclei,Texture,InfoMeas2,Mitochondria,391
Nuclei_Intensity_IntegratedIntensityEdge_PM,0.0,Nuclei,Intensity,IntegratedIntensityEdge,PM,392
Cytoplasm_RadialDistribution_FracAtD_PM_2of4,0.0,Cytoplasm,RadialDistribution,FracAtD,PM,393
Cytoplasm_Texture_SumVariance_Actin_3_03_256,0.0,Cytoplasm,Texture,SumVariance,Actin,394
Cells_RadialDistribution_FracAtD_ER_1of4,0.0,Cells,RadialDistribution,FracAtD,ER,395
Nuclei_Correlation_Overlap_ER_PM,0.0,Nuclei,Correlation,Overlap,ER,396
Cytoplasm_RadialDistribution_ZernikeMagnitude_Hoechst_2_2,0.0,Cytoplasm,RadialDistribution,ZernikeMagnitude,Hoechst,397
Cells_Intensity_MaxIntensity_Hoechst,0.0,Cells,Intensity,MaxIntensity,Hoechst,398
Nuclei_RadialDistribution_ZernikeMagnitude_PM_4_0,0.0,Nuclei,RadialDistribution,ZernikeMagnitude,PM,399
Nuclei_RadialDistribution_ZernikeMagnitude_Mitochondria_6_4,0.0,Nuclei,RadialDistribution,ZernikeMagnitude,Mitochondria,400
Cytoplasm_AreaShape_MajorAxisLength,0.0,Cytoplasm,AreaShape,MajorAxisLength,,401
Cells_Correlation_RWC_PM_ER,0.0,Cells,Correlation,RWC,PM,402
Nuclei_Neighbors_AngleBetweenNeighbors_Adjacent,0.0,Nuclei,Neighbors,AngleBetweenNeighbors,Adjacent,403
Cytoplasm_RadialDistribution_FracAtD_Hoechst_2of4,0.0,Cytoplasm,RadialDistribution,FracAtD,Hoechst,404
Nuclei_RadialDistribution_ZernikeMagnitude_PM_9_7,0.0,Nuclei,RadialDistribution,ZernikeMagnitude,PM,405
Cytoplasm_Texture_DifferenceVariance_Hoechst_3_00_256,0.0,Cytoplasm,Texture,DifferenceVariance,Hoechst,406
Nuclei_RadialDistribution_RadialCV_PM_4of4,0.0,Nuclei,RadialDistribution,RadialCV,PM,407
Nuclei_RadialDistribution_ZernikeMagnitude_PM_5_3,0.0,Nuclei,RadialDistribution,ZernikeMagnitude,PM,408
Nuclei_AreaShape_Zernike_5_5,0.0,Nuclei,AreaShape,Zernike,5,409
Nuclei_Correlation_RWC_PM_ER,0.0,Nuclei,Correlation,RWC,PM,410
Nuclei_RadialDistribution_FracAtD_Hoechst_1of4,0.0,Nuclei,RadialDistribution,FracAtD,Hoechst,411
Cytoplasm_RadialDistribution_ZernikeMagnitude_Hoechst_4_2,0.0,Cytoplasm,RadialDistribution,ZernikeMagnitude,Hoechst,412
Cytoplasm_RadialDistribution_ZernikeMagnitude_ER_1_1,0.0,Cytoplasm,RadialDistribution,ZernikeMagnitude,ER,413
Cytoplasm_Texture_Correlation_ER_3_02_256,0.0,Cytoplasm,Texture,Correlation,ER,414
Cells_RadialDistribution_MeanFrac_Hoechst_2of4,0.0,Cells,RadialDistribution,MeanFrac,Hoechst,415
Cytoplasm_Texture_InverseDifferenceMoment_Mitochondria_3_02_256,0.0,Cytoplasm,Texture,InverseDifferenceMoment,Mitochondria,416
Cells_RadialDistribution_RadialCV_Actin_1of4,0.0,Cells,RadialDistribution,RadialCV,Actin,417
Cytoplasm_RadialDistribution_MeanFrac_ER_3of4,0.0,Cytoplasm,RadialDistribution,MeanFrac,ER,418
Cytoplasm_Texture_InfoMeas1_Hoechst_3_03_256,0.0,Cytoplasm,Texture,InfoMeas1,Hoechst,419
Nuclei_RadialDistribution_ZernikeMagnitude_ER_2_0,0.0,Nuclei,RadialDistribution,ZernikeMagnitude,ER,420
Cytoplasm_RadialDistribution_RadialCV_Mitochondria_2of4,0.0,Cytoplasm,RadialDistribution,RadialCV,Mitochondria,421
Cells_Texture_InfoMeas2_PM_3_01_256,0.0,Cells,Texture,InfoMeas2,PM,422
Nuclei_AreaShape_Compactness,0.0,Nuclei,AreaShape,Compactness,,423
Nuclei_AreaShape_Zernike_0_0,0.0,Nuclei,AreaShape,Zernike,0,424
Cytoplasm_Texture_InverseDifferenceMoment_Mitochondria_3_03_256,0.0,Cytoplasm,Texture,InverseDifferenceMoment,Mitochondria,425
Nuclei_RadialDistribution_ZernikeMagnitude_ER_3_1,0.0,Nuclei,RadialDistribution,ZernikeMagnitude,ER,426
Cytoplasm_AreaShape_Zernike_5_1,0.0,Cytoplasm,AreaShape,Zernike,5,427
Cytoplasm_RadialDistribution_ZernikeMagnitude_Mitochondria_5_3,0.0,Cytoplasm,RadialDistribution,ZernikeMagnitude,Mitochondria,428
Cytoplasm_AreaShape_Zernike_8_2,0.0,Cytoplasm,AreaShape,Zernike,8,429
Cytoplasm_RadialDistribution_ZernikeMagnitude_Mitochondria_2_2,0.0,Cytoplasm,RadialDistribution,ZernikeMagnitude,Mitochondria,430
Cells_Texture_InfoMeas1_Hoechst_3_03_256,0.0,Cells,Texture,InfoMeas1,Hoechst,431
Cytoplasm_RadialDistribution_RadialCV_Mitochondria_3of4,0.0,Cytoplasm,RadialDistribution,RadialCV,Mitochondria,432
Cells_Intensity_MeanIntensity_Hoechst,0.0,Cells,Intensity,MeanIntensity,Hoechst,433
Cytoplasm_Texture_Correlation_ER_3_00_256,0.0,Cytoplasm,Texture,Correlation,ER,434
Nuclei_Correlation_RWC_ER_PM,0.0,Nuclei,Correlation,RWC,ER,435
Cytoplasm_RadialDistribution_MeanFrac_Hoechst_3of4,0.0,Cytoplasm,RadialDistribution,MeanFrac,Hoechst,436
Cytoplasm_Texture_InfoMeas1_ER_3_02_256,0.0,Cytoplasm,Texture,InfoMeas1,ER,437
Nuclei_RadialDistribution_ZernikeMagnitude_PM_2_2,0.0,Nuclei,RadialDistribution,ZernikeMagnitude,PM,438
Nuclei_RadialDistribution_ZernikeMagnitude_ER_7_5,0.0,Nuclei,RadialDistribution,ZernikeMagnitude,ER,439
Cytoplasm_Texture_InverseDifferenceMoment_ER_3_03_256,0.0,Cytoplasm,Texture,InverseDifferenceMoment,ER,440
Nuclei_Texture_InfoMeas1_Mitochondria_3_02_256,0.0,Nuclei,Texture,InfoMeas1,Mitochondria,441
Nuclei_RadialDistribution_ZernikeMagnitude_Actin_2_2,0.0,Nuclei,RadialDistribution,ZernikeMagnitude,Actin,442
Cytoplasm_RadialDistribution_MeanFrac_ER_2of4,0.0,Cytoplasm,RadialDistribution,MeanFrac,ER,443
Nuclei_Texture_InfoMeas1_Hoechst_3_00_256,0.0,Nuclei,Texture,InfoMeas1,Hoechst,444
Cytoplasm_Correlation_RWC_Mitochondria_PM,0.0,Cytoplasm,Correlation,RWC,Mitochondria,445
Cytoplasm_RadialDistribution_ZernikeMagnitude_Mitochondria_1_1,0.0,Cytoplasm,RadialDistribution,ZernikeMagnitude,Mitochondria,446
Nuclei_Texture_InverseDifferenceMoment_Actin_3_00_256,0.0,Nuclei,Texture,InverseDifferenceMoment,Actin,447
Nuclei_Texture_InfoMeas1_Mitochondria_3_03_256,0.0,Nuclei,Texture,InfoMeas1,Mitochondria,448
Nuclei_RadialDistribution_MeanFrac_PM_1of4,0.0,Nuclei,RadialDistribution,MeanFrac,PM,449
Cells_Texture_InfoMeas2_PM_3_03_256,0.0,Cells,Texture,InfoMeas2,PM,450
Cytoplasm_Intensity_IntegratedIntensityEdge_Hoechst,0.0,Cytoplasm,Intensity,IntegratedIntensityEdge,Hoechst,451
Cytoplasm_RadialDistribution_ZernikeMagnitude_Mitochondria_6_2,0.0,Cytoplasm,RadialDistribution,ZernikeMagnitude,Mitochondria,452
Cytoplasm_RadialDistribution_ZernikeMagnitude_PM_7_3,0.0,Cytoplasm,RadialDistribution,ZernikeMagnitude,PM,453
Nuclei_Texture_Contrast_ER_3_01_256,0.0,Nuclei,Texture,Contrast,ER,454
Nuclei_Texture_InfoMeas2_Mitochondria_3_02_256,0.0,Nuclei,Texture,InfoMeas2,Mitochondria,455
Nuclei_Correlation_RWC_PM_Hoechst,0.0,Nuclei,Correlation,RWC,PM,456
Cytoplasm_Texture_Contrast_ER_3_01_256,0.0,Cytoplasm,Texture,Contrast,ER,457
Cytoplasm_Texture_DifferenceEntropy_Mitochondria_3_03_256,0.0,Cytoplasm,Texture,DifferenceEntropy,Mitochondria,458
Nuclei_Texture_Correlation_ER_3_03_256,0.0,Nuclei,Texture,Correlation,ER,459
Cells_Correlation_RWC_Actin_Mitochondria,0.0,Cells,Correlation,RWC,Actin,460
Cytoplasm_RadialDistribution_FracAtD_ER_2of4,0.0,Cytoplasm,RadialDistribution,FracAtD,ER,461
Cytoplasm_Texture_Correlation_Mitochondria_3_02_256,0.0,Cytoplasm,Texture,Correlation,Mitochondria,462
Nuclei_Correlation_Correlation_Hoechst_Mitochondria,0.0,Nuclei,Correlation,Correlation,Hoechst,463
Nuclei_Texture_AngularSecondMoment_ER_3_01_256,0.0,Nuclei,Texture,AngularSecondMoment,ER,464
Cytoplasm_Texture_DifferenceEntropy_Mitochondria_3_00_256,0.0,Cytoplasm,Texture,DifferenceEntropy,Mitochondria,465
Cytoplasm_RadialDistribution_FracAtD_Actin_3of4,0.0,Cytoplasm,RadialDistribution,FracAtD,Actin,466
Cytoplasm_Texture_DifferenceEntropy_Actin_3_00_256,0.0,Cytoplasm,Texture,DifferenceEntropy,Actin,467
Cytoplasm_RadialDistribution_ZernikeMagnitude_ER_8_2,0.0,Cytoplasm,RadialDistribution,ZernikeMagnitude,ER,468
Nuclei_RadialDistribution_ZernikeMagnitude_Mitochondria_1_1,0.0,Nuclei,RadialDistribution,ZernikeMagnitude,Mitochondria,469
Nuclei_Intensity_StdIntensityEdge_Actin,0.0,Nuclei,Intensity,StdIntensityEdge,Actin,470
Cytoplasm_Texture_InverseDifferenceMoment_Mitochondria_3_01_256,0.0,Cytoplasm,Texture,InverseDifferenceMoment,Mitochondria,471
Cytoplasm_RadialDistribution_RadialCV_Mitochondria_1of4,0.0,Cytoplasm,RadialDistribution,RadialCV,Mitochondria,472
Cytoplasm_Texture_SumAverage_Hoechst_3_01_256,0.0,Cytoplasm,Texture,SumAverage,Hoechst,473
Cytoplasm_Texture_InfoMeas2_Hoechst_3_03_256,0.0,Cytoplasm,Texture,InfoMeas2,Hoechst,474
Cytoplasm_RadialDistribution_FracAtD_PM_3of4,0.0,Cytoplasm,RadialDistribution,FracAtD,PM,475
Nuclei_Intensity_StdIntensityEdge_Hoechst,0.0,Nuclei,Intensity,StdIntensityEdge,Hoechst,476
Nuclei_RadialDistribution_ZernikeMagnitude_PM_2_0,0.0,Nuclei,RadialDistribution,ZernikeMagnitude,PM,477
Cytoplasm_Intensity_MaxIntensityEdge_Mitochondria,0.0,Cytoplasm,Intensity,MaxIntensityEdge,Mitochondria,478
Nuclei_Texture_InfoMeas2_Mitochondria_3_01_256,0.0,Nuclei,Texture,InfoMeas2,Mitochondria,479
Cells_RadialDistribution_ZernikeMagnitude_Mitochondria_6_0,0.0,Cells,RadialDistribution,ZernikeMagnitude,Mitochondria,480
Cytoplasm_RadialDistribution_ZernikeMagnitude_PM_6_4,0.0,Cytoplasm,RadialDistribution,ZernikeMagnitude,PM,481
Cytoplasm_Texture_Correlation_ER_3_01_256,0.0,Cytoplasm,Texture,Correlation,ER,482
Cytoplasm_Correlation_Correlation_Actin_Hoechst,0.0,Cytoplasm,Correlation,Correlation,Actin,483
Nuclei_RadialDistribution_ZernikeMagnitude_Hoechst_6_0,0.0,Nuclei,RadialDistribution,ZernikeMagnitude,Hoechst,484
Cytoplasm_Intensity_MaxIntensity_Hoechst,0.0,Cytoplasm,Intensity,MaxIntensity,Hoechst,485
Cytoplasm_RadialDistribution_ZernikeMagnitude_ER_6_2,0.0,Cytoplasm,RadialDistribution,ZernikeMagnitude,ER,486
Nuclei_AreaShape_Zernike_6_0,0.0,Nuclei,AreaShape,Zernike,6,487
Cells_RadialDistribution_ZernikeMagnitude_PM_9_3,0.0,Cells,RadialDistribution,ZernikeMagnitude,PM,488
Cytoplasm_Texture_InfoMeas1_Hoechst_3_02_256,0.0,Cytoplasm,Texture,InfoMeas1,Hoechst,489
Cytoplasm_RadialDistribution_ZernikeMagnitude_ER_9_1,0.0,Cytoplasm,RadialDistribution,ZernikeMagnitude,ER,490
Cells_Texture_AngularSecondMoment_Hoechst_3_00_256,0.0,Cells,Texture,AngularSecondMoment,Hoechst,491
Nuclei_Intensity_IntegratedIntensity_ER,0.0,Nuclei,Intensity,IntegratedIntensity,ER,492
Cells_RadialDistribution_FracAtD_Hoechst_2of4,0.0,Cells,RadialDistribution,FracAtD,Hoechst,493
Cytoplasm_Texture_Contrast_ER_3_02_256,0.0,Cytoplasm,Texture,Contrast,ER,494
Nuclei_Texture_Correlation_Hoechst_3_01_256,0.0,Nuclei,Texture,Correlation,Hoechst,495
Nuclei_RadialDistribution_ZernikeMagnitude_Mitochondria_9_7,0.0,Nuclei,RadialDistribution,ZernikeMagnitude,Mitochondria,496
Cells_RadialDistribution_FracAtD_Mitochondria_3of4,0.0,Cells,RadialDistribution,FracAtD,Mitochondria,497
Nuclei_Intensity_StdIntensityEdge_PM,0.0,Nuclei,Intensity,StdIntensityEdge,PM,498
Nuclei_Correlation_K_Mitochondria_Hoechst,0.0,Nuclei,Correlation,K,Mitochondria,499
Nuclei_Intensity_MADIntensity_ER,0.0,Nuclei,Intensity,MADIntensity,ER,500
Cytoplasm_RadialDistribution_ZernikeMagnitude_Hoechst_6_4,0.0,Cytoplasm,RadialDistribution,ZernikeMagnitude,Hoechst,501
Nuclei_RadialDistribution_RadialCV_Hoechst_2of4,0.0,Nuclei,RadialDistribution,RadialCV,Hoechst,502
Cells_RadialDistribution_FracAtD_ER_3of4,0.0,Cells,RadialDistribution,FracAtD,ER,503
Nuclei_Texture_InverseDifferenceMoment_Actin_3_02_256,0.0,Nuclei,Texture,InverseDifferenceMoment,Actin,504
Cytoplasm_RadialDistribution_ZernikeMagnitude_Hoechst_9_5,0.0,Cytoplasm,RadialDistribution,ZernikeMagnitude,Hoechst,505
Nuclei_RadialDistribution_ZernikeMagnitude_Actin_8_2,0.0,Nuclei,RadialDistribution,ZernikeMagnitude,Actin,506
Cells_RadialDistribution_FracAtD_Mitochondria_2of4,0.0,Cells,RadialDistribution,FracAtD,Mitochondria,507
Cytoplasm_RadialDistribution_ZernikeMagnitude_Hoechst_8_2,0.0,Cytoplasm,RadialDistribution,ZernikeMagnitude,Hoechst,508
Cytoplasm_Texture_InfoMeas1_Hoechst_3_00_256,0.0,Cytoplasm,Texture,InfoMeas1,Hoechst,509
Cytoplasm_RadialDistribution_MeanFrac_Mitochondria_1of4,0.0,Cytoplasm,RadialDistribution,MeanFrac,Mitochondria,510
Cytoplasm_RadialDistribution_ZernikeMagnitude_Actin_8_0,0.0,Cytoplasm,RadialDistribution,ZernikeMagnitude,Actin,511
Nuclei_RadialDistribution_ZernikeMagnitude_ER_3_3,0.0,Nuclei,RadialDistribution,ZernikeMagnitude,ER,512
Cells_Intensity_MeanIntensityEdge_Hoechst,0.0,Cells,Intensity,MeanIntensityEdge,Hoechst,513
Nuclei_RadialDistribution_ZernikeMagnitude_ER_8_6,0.0,Nuclei,RadialDistribution,ZernikeMagnitude,ER,514
Cells_RadialDistribution_ZernikeMagnitude_PM_8_0,0.0,Cells,RadialDistribution,ZernikeMagnitude,PM,515
Cytoplasm_RadialDistribution_ZernikeMagnitude_Mitochondria_6_4,0.0,Cytoplasm,RadialDistribution,ZernikeMagnitude,Mitochondria,516
Nuclei_RadialDistribution_MeanFrac_Hoechst_3of4,0.0,Nuclei,RadialDistribution,MeanFrac,Hoechst,517
Nuclei_Intensity_MADIntensity_PM,0.0,Nuclei,Intensity,MADIntensity,PM,518
Cytoplasm_RadialDistribution_ZernikeMagnitude_ER_9_3,0.0,Cytoplasm,RadialDistribution,ZernikeMagnitude,ER,519
Nuclei_Intensity_MaxIntensityEdge_ER,0.0,Nuclei,Intensity,MaxIntensityEdge,ER,520
Nuclei_RadialDistribution_ZernikeMagnitude_Mitochondria_9_5,0.0,Nuclei,RadialDistribution,ZernikeMagnitude,Mitochondria,521
Nuclei_RadialDistribution_ZernikeMagnitude_Hoechst_8_0,0.0,Nuclei,RadialDistribution,ZernikeMagnitude,Hoechst,522
Cells_AreaShape_Zernike_9_3,0.0,Cells,AreaShape,Zernike,9,523
Cells_AreaShape_Eccentricity,0.0,Cells,AreaShape,Eccentricity,,524
Cytoplasm_RadialDistribution_MeanFrac_Hoechst_2of4,0.0,Cytoplasm,RadialDistribution,MeanFrac,Hoechst,525
Nuclei_Texture_SumVariance_Hoechst_3_01_256,0.0,Nuclei,Texture,SumVariance,Hoechst,526
Nuclei_RadialDistribution_ZernikeMagnitude_Hoechst_2_0,0.0,Nuclei,RadialDistribution,ZernikeMagnitude,Hoechst,527
Nuclei_RadialDistribution_ZernikeMagnitude_Mitochondria_5_3,0.0,Nuclei,RadialDistribution,ZernikeMagnitude,Mitochondria,528
Cells_RadialDistribution_ZernikeMagnitude_Hoechst_9_1,0.0,Cells,RadialDistribution,ZernikeMagnitude,Hoechst,529
Nuclei_Intensity_LowerQuartileIntensity_ER,0.0,Nuclei,Intensity,LowerQuartileIntensity,ER,530
Nuclei_Texture_Correlation_Hoechst_3_03_256,0.0,Nuclei,Texture,Correlation,Hoechst,531
Cells_Texture_Correlation_Hoechst_3_00_256,0.0,Cells,Texture,Correlation,Hoechst,532
Cells_RadialDistribution_ZernikeMagnitude_Mitochondria_7_1,0.0,Cells,RadialDistribution,ZernikeMagnitude,Mitochondria,533
Nuclei_RadialDistribution_RadialCV_Actin_3of4,0.0,Nuclei,RadialDistribution,RadialCV,Actin,534
Cytoplasm_Texture_InverseDifferenceMoment_Mitochondria_3_00_256,0.0,Cytoplasm,Texture,InverseDifferenceMoment,Mitochondria,535
Nuclei_RadialDistribution_ZernikeMagnitude_ER_5_3,0.0,Nuclei,RadialDistribution,ZernikeMagnitude,ER,536
Cytoplasm_RadialDistribution_ZernikeMagnitude_Hoechst_6_0,0.0,Cytoplasm,RadialDistribution,ZernikeMagnitude,Hoechst,537
Nuclei_Granularity_1_Hoechst,0.0,Nuclei,Granularity,1,Hoechst,538
Cells_RadialDistribution_ZernikeMagnitude_Mitochondria_9_9,0.0,Cells,RadialDistribution,ZernikeMagnitude,Mitochondria,539
Nuclei_RadialDistribution_ZernikeMagnitude_Actin_9_1,0.0,Nuclei,RadialDistribution,ZernikeMagnitude,Actin,540
Nuclei_Texture_Correlation_Actin_3_02_256,0.0,Nuclei,Texture,Correlation,Actin,541
Cells_RadialDistribution_ZernikeMagnitude_Mitochondria_9_7,0.0,Cells,RadialDistribution,ZernikeMagnitude,Mitochondria,542
Nuclei_Texture_Contrast_ER_3_00_256,0.0,Nuclei,Texture,Contrast,ER,543
Cells_Intensity_MassDisplacement_Hoechst,0.0,Cells,Intensity,MassDisplacement,Hoechst,544
Nuclei_RadialDistribution_MeanFrac_Actin_2of4,0.0,Nuclei,RadialDistribution,MeanFrac,Actin,545
Nuclei_RadialDistribution_ZernikeMagnitude_Actin_9_3,0.0,Nuclei,RadialDistribution,ZernikeMagnitude,Actin,546
Nuclei_AreaShape_Zernike_9_1,0.0,Nuclei,AreaShape,Zernike,9,547
Cytoplasm_Texture_Correlation_Mitochondria_3_03_256,0.0,Cytoplasm,Texture,Correlation,Mitochondria,548
Nuclei_RadialDistribution_ZernikeMagnitude_Mitochondria_8_0,0.0,Nuclei,RadialDistribution,ZernikeMagnitude,Mitochondria,549
Nuclei_RadialDistribution_ZernikeMagnitude_ER_6_6,0.0,Nuclei,RadialDistribution,ZernikeMagnitude,ER,550
Cytoplasm_Correlation_RWC_ER_PM,0.0,Cytoplasm,Correlation,RWC,ER,551
Cytoplasm_Texture_InfoMeas2_ER_3_00_256,0.0,Cytoplasm,Texture,InfoMeas2,ER,552
Cells_Texture_InfoMeas2_Mitochondria_3_01_256,0.0,Cells,Texture,InfoMeas2,Mitochondria,553
Nuclei_AreaShape_FormFactor,0.0,Nuclei,AreaShape,FormFactor,,554
Nuclei_Texture_Contrast_ER_3_03_256,0.0,Nuclei,Texture,Contrast,ER,555
Cytoplasm_RadialDistribution_ZernikeMagnitude_Hoechst_4_0,0.0,Cytoplasm,RadialDistribution,ZernikeMagnitude,Hoechst,556
Nuclei_Intensity_MinIntensityEdge_ER,0.0,Nuclei,Intensity,MinIntensityEdge,ER,557
Nuclei_RadialDistribution_ZernikeMagnitude_PM_3_3,0.0,Nuclei,RadialDistribution,ZernikeMagnitude,PM,558
Cytoplasm_Texture_DifferenceEntropy_Mitochondria_3_01_256,0.0,Cytoplasm,Texture,DifferenceEntropy,Mitochondria,559
Nuclei_RadialDistribution_ZernikeMagnitude_Hoechst_3_1,0.0,Nuclei,RadialDistribution,ZernikeMagnitude,Hoechst,560
Nuclei_RadialDistribution_ZernikeMagnitude_Actin_2_0,0.0,Nuclei,RadialDistribution,ZernikeMagnitude,Actin,561
Cells_RadialDistribution_ZernikeMagnitude_PM_9_1,0.0,Cells,RadialDistribution,ZernikeMagnitude,PM,562
Nuclei_Intensity_MassDisplacement_Actin,0.0,Nuclei,Intensity,MassDisplacement,Actin,563
Nuclei_RadialDistribution_ZernikeMagnitude_Mitochondria_4_2,0.0,Nuclei,RadialDistribution,ZernikeMagnitude,Mitochondria,564
Cells_RadialDistribution_MeanFrac_Hoechst_3of4,0.0,Cells,RadialDistribution,MeanFrac,Hoechst,565
Cells_Texture_InfoMeas1_Actin_3_02_256,0.0,Cells,Texture,InfoMeas1,Actin,566
Cytoplasm_RadialDistribution_MeanFrac_ER_1of4,0.0,Cytoplasm,RadialDistribution,MeanFrac,ER,567
Cells_RadialDistribution_MeanFrac_PM_1of4,0.0,Cells,RadialDistribution,MeanFrac,PM,568
Nuclei_RadialDistribution_ZernikeMagnitude_PM_4_4,0.0,Nuclei,RadialDistribution,ZernikeMagnitude,PM,569
Cytoplasm_RadialDistribution_ZernikeMagnitude_PM_8_2,0.0,Cytoplasm,RadialDistribution,ZernikeMagnitude,PM,570
Nuclei_RadialDistribution_RadialCV_Hoechst_3of4,0.0,Nuclei,RadialDistribution,RadialCV,Hoechst,571
Cytoplasm_RadialDistribution_ZernikeMagnitude_Hoechst_5_3,0.0,Cytoplasm,RadialDistribution,ZernikeMagnitude,Hoechst,572
Cytoplasm_Intensity_StdIntensityEdge_Hoechst,0.0,Cytoplasm,Intensity,StdIntensityEdge,Hoechst,573
Cytoplasm_Texture_InfoMeas2_Hoechst_3_01_256,0.0,Cytoplasm,Texture,InfoMeas2,Hoechst,574
Nuclei_AreaShape_Zernike_5_3,0.0,Nuclei,AreaShape,Zernike,5,575
Cytoplasm_Texture_InfoMeas1_ER_3_03_256,0.0,Cytoplasm,Texture,InfoMeas1,ER,576
Nuclei_Intensity_LowerQuartileIntensity_PM,0.0,Nuclei,Intensity,LowerQuartileIntensity,PM,577
Cytoplasm_AreaShape_Zernike_4_2,0.0,Cytoplasm,AreaShape,Zernike,4,578
Cytoplasm_Texture_Correlation_ER_3_03_256,0.0,Cytoplasm,Texture,Correlation,ER,579
Nuclei_RadialDistribution_ZernikeMagnitude_ER_4_4,0.0,Nuclei,RadialDistribution,ZernikeMagnitude,ER,580
Cells_RadialDistribution_ZernikeMagnitude_Actin_6_4,0.0,Cells,RadialDistribution,ZernikeMagnitude,Actin,581
Cytoplasm_RadialDistribution_ZernikeMagnitude_Hoechst_8_0,0.0,Cytoplasm,RadialDistribution,ZernikeMagnitude,Hoechst,582
Nuclei_AreaShape_Zernike_3_1,0.0,Nuclei,AreaShape,Zernike,3,583
Cytoplasm_Texture_Entropy_ER_3_00_256,0.0,Cytoplasm,Texture,Entropy,ER,584
Nuclei_Texture_SumVariance_Actin_3_01_256,0.0,Nuclei,Texture,SumVariance,Actin,585
Nuclei_Texture_SumVariance_ER_3_01_256,0.0,Nuclei,Texture,SumVariance,ER,586
Cells_RadialDistribution_RadialCV_Hoechst_3of4,0.0,Cells,RadialDistribution,RadialCV,Hoechst,587
Cells_Correlation_Correlation_Hoechst_Mitochondria,0.0,Cells,Correlation,Correlation,Hoechst,588
Cytoplasm_RadialDistribution_ZernikeMagnitude_Mitochondria_5_5,0.0,Cytoplasm,RadialDistribution,ZernikeMagnitude,Mitochondria,589
Cytoplasm_Texture_Contrast_Hoechst_3_03_256,0.0,Cytoplasm,Texture,Contrast,Hoechst,590
Cells_RadialDistribution_ZernikeMagnitude_ER_9_3,0.0,Cells,RadialDistribution,ZernikeMagnitude,ER,591
Cells_Intensity_MaxIntensityEdge_Hoechst,0.0,Cells,Intensity,MaxIntensityEdge,Hoechst,592
Cells_Intensity_StdIntensityEdge_PM,0.0,Cells,Intensity,StdIntensityEdge,PM,593
Cytoplasm_RadialDistribution_FracAtD_Mitochondria_1of4,0.0,Cytoplasm,RadialDistribution,FracAtD,Mitochondria,594
Cytoplasm_Intensity_MADIntensity_Hoechst,0.0,Cytoplasm,Intensity,MADIntensity,Hoechst,595
Nuclei_Intensity_MADIntensity_Actin,0.0,Nuclei,Intensity,MADIntensity,Actin,596
Nuclei_Texture_InverseDifferenceMoment_Mitochondria_3_00_256,0.0,Nuclei,Texture,InverseDifferenceMoment,Mitochondria,597
Nuclei_Texture_DifferenceEntropy_Actin_3_02_256,0.0,Nuclei,Texture,DifferenceEntropy,Actin,598
Nuclei_Texture_Correlation_Actin_3_03_256,0.0,Nuclei,Texture,Correlation,Actin,599
Nuclei_Intensity_StdIntensity_PM,0.0,Nuclei,Intensity,StdIntensity,PM,600
Cytoplasm_RadialDistribution_ZernikeMagnitude_ER_6_4,0.0,Cytoplasm,RadialDistribution,ZernikeMagnitude,ER,601
Cells_RadialDistribution_RadialCV_ER_2of4,0.0,Cells,RadialDistribution,RadialCV,ER,602
Nuclei_Texture_Correlation_Mitochondria_3_02_256,0.0,Nuclei,Texture,Correlation,Mitochondria,603
Cells_RadialDistribution_ZernikeMagnitude_Actin_9_1,0.0,Cells,RadialDistribution,ZernikeMagnitude,Actin,604
Nuclei_Correlation_Correlation_ER_Hoechst,0.0,Nuclei,Correlation,Correlation,ER,605
Cells_AreaShape_Compactness,0.0,Cells,AreaShape,Compactness,,606
Cytoplasm_RadialDistribution_ZernikeMagnitude_Hoechst_7_1,0.0,Cytoplasm,RadialDistribution,ZernikeMagnitude,Hoechst,607
Nuclei_Texture_AngularSecondMoment_Actin_3_01_256,0.0,Nuclei,Texture,AngularSecondMoment,Actin,608
Nuclei_RadialDistribution_ZernikeMagnitude_Hoechst_5_3,0.0,Nuclei,RadialDistribution,ZernikeMagnitude,Hoechst,609
Nuclei_RadialDistribution_MeanFrac_Actin_1of4,0.0,Nuclei,RadialDistribution,MeanFrac,Actin,610
Cells_RadialDistribution_MeanFrac_Mitochondria_4of4,0.0,Cells,RadialDistribution,MeanFrac,Mitochondria,611
Cells_Correlation_Correlation_Hoechst_PM,0.0,Cells,Correlation,Correlation,Hoechst,612
Cells_AreaShape_Zernike_6_2,0.0,Cells,AreaShape,Zernike,6,613
Cells_RadialDistribution_ZernikeMagnitude_Actin_9_5,0.0,Cells,RadialDistribution,ZernikeMagnitude,Actin,614
Cytoplasm_Texture_SumVariance_ER_3_01_256,0.0,Cytoplasm,Texture,SumVariance,ER,615
Nuclei_Correlation_Correlation_ER_Mitochondria,0.0,Nuclei,Correlation,Correlation,ER,616
Cytoplasm_Texture_InfoMeas2_Hoechst_3_00_256,0.0,Cytoplasm,Texture,InfoMeas2,Hoechst,617
Cytoplasm_RadialDistribution_ZernikeMagnitude_Mitochondria_7_5,0.0,Cytoplasm,RadialDistribution,ZernikeMagnitude,Mitochondria,618
Cytoplasm_RadialDistribution_RadialCV_PM_2of4,0.0,Cytoplasm,RadialDistribution,RadialCV,PM,619
Cells_Intensity_IntegratedIntensity_ER,0.0,Cells,Intensity,IntegratedIntensity,ER,620
Cytoplasm_RadialDistribution_ZernikeMagnitude_Hoechst_9_1,0.0,Cytoplasm,RadialDistribution,ZernikeMagnitude,Hoechst,621
Nuclei_RadialDistribution_ZernikeMagnitude_Actin_6_6,0.0,Nuclei,RadialDistribution,ZernikeMagnitude,Actin,622
Cytoplasm_Granularity_2_PM,0.0,Cytoplasm,Granularity,2,PM,623
Cells_Texture_Contrast_Hoechst_3_00_256,0.0,Cells,Texture,Contrast,Hoechst,624
Cytoplasm_Texture_InfoMeas1_Hoechst_3_01_256,0.0,Cytoplasm,Texture,InfoMeas1,Hoechst,625
Cytoplasm_Texture_Correlation_PM_3_01_256,0.0,Cytoplasm,Texture,Correlation,PM,626
Cytoplasm_RadialDistribution_ZernikeMagnitude_Mitochondria_9_5,0.0,Cytoplasm,RadialDistribution,ZernikeMagnitude,Mitochondria,627
Nuclei_RadialDistribution_ZernikeMagnitude_Mitochondria_4_4,0.0,Nuclei,RadialDistribution,ZernikeMagnitude,Mitochondria,628
Cytoplasm_RadialDistribution_ZernikeMagnitude_Mitochondria_4_0,0.0,Cytoplasm,RadialDistribution,ZernikeMagnitude,Mitochondria,629
Cytoplasm_RadialDistribution_ZernikeMagnitude_ER_5_1,0.0,Cytoplasm,RadialDistribution,ZernikeMagnitude,ER,630
Nuclei_Correlation_K_PM_ER,0.0,Nuclei,Correlation,K,PM,631
Nuclei_AreaShape_Zernike_4_2,0.0,Nuclei,AreaShape,Zernike,4,632
Cells_AreaShape_Zernike_8_0,0.0,Cells,AreaShape,Zernike,8,633
Cytoplasm_Intensity_MaxIntensityEdge_Actin,0.0,Cytoplasm,Intensity,MaxIntensityEdge,Actin,634
Cytoplasm_RadialDistribution_ZernikeMagnitude_ER_2_2,0.0,Cytoplasm,RadialDistribution,ZernikeMagnitude,ER,635
Cytoplasm_RadialDistribution_ZernikeMagnitude_PM_5_1,0.0,Cytoplasm,RadialDistribution,ZernikeMagnitude,PM,636
Cytoplasm_RadialDistribution_RadialCV_Hoechst_4of4,0.0,Cytoplasm,RadialDistribution,RadialCV,Hoechst,637
Nuclei_AreaShape_Zernike_3_3,0.0,Nuclei,AreaShape,Zernike,3,638
Nuclei_Correlation_Correlation_Actin_Hoechst,0.0,Nuclei,Correlation,Correlation,Actin,639
Cytoplasm_RadialDistribution_ZernikeMagnitude_Mitochondria_6_0,0.0,Cytoplasm,RadialDistribution,ZernikeMagnitude,Mitochondria,640
Cells_RadialDistribution_ZernikeMagnitude_PM_8_6,0.0,Cells,RadialDistribution,ZernikeMagnitude,PM,641
Nuclei_RadialDistribution_ZernikeMagnitude_Mitochondria_7_1,0.0,Nuclei,RadialDistribution,ZernikeMagnitude,Mitochondria,642
Cytoplasm_Texture_DifferenceEntropy_Actin_3_03_256,0.0,Cytoplasm,Texture,DifferenceEntropy,Actin,643
Cells_RadialDistribution_ZernikeMagnitude_Actin_9_7,0.0,Cells,RadialDistribution,ZernikeMagnitude,Actin,644
Nuclei_RadialDistribution_ZernikeMagnitude_Hoechst_1_1,0.0,Nuclei,RadialDistribution,ZernikeMagnitude,Hoechst,645
Cytoplasm_RadialDistribution_ZernikeMagnitude_PM_6_2,0.0,Cytoplasm,RadialDistribution,ZernikeMagnitude,PM,646
Cells_RadialDistribution_MeanFrac_Mitochondria_3of4,0.0,Cells,RadialDistribution,MeanFrac,Mitochondria,647
Cytoplasm_RadialDistribution_ZernikeMagnitude_PM_2_2,0.0,Cytoplasm,RadialDistribution,ZernikeMagnitude,PM,648
Cytoplasm_Correlation_Manders_ER_Hoechst,0.0,Cytoplasm,Correlation,Manders,ER,649
Nuclei_Correlation_K_PM_Hoechst,0.0,Nuclei,Correlation,K,PM,650
Cells_RadialDistribution_MeanFrac_Actin_2of4,0.0,Cells,RadialDistribution,MeanFrac,Actin,651
Cytoplasm_RadialDistribution_ZernikeMagnitude_Hoechst_8_4,0.0,Cytoplasm,RadialDistribution,ZernikeMagnitude,Hoechst,652
Cytoplasm_RadialDistribution_ZernikeMagnitude_Mitochondria_3_1,0.0,Cytoplasm,RadialDistribution,ZernikeMagnitude,Mitochondria,653
Cytoplasm_Intensity_UpperQuartileIntensity_ER,0.0,Cytoplasm,Intensity,UpperQuartileIntensity,ER,654
Cells_RadialDistribution_MeanFrac_Hoechst_1of4,0.0,Cells,RadialDistribution,MeanFrac,Hoechst,655
Cytoplasm_RadialDistribution_ZernikeMagnitude_Actin_2_0,0.0,Cytoplasm,RadialDistribution,ZernikeMagnitude,Actin,656
Nuclei_Texture_DifferenceVariance_PM_3_00_256,0.0,Nuclei,Texture,DifferenceVariance,PM,657
Cytoplasm_AreaShape_Zernike_4_0,0.0,Cytoplasm,AreaShape,Zernike,4,658
Nuclei_RadialDistribution_FracAtD_Mitochondria_2of4,0.0,Nuclei,RadialDistribution,FracAtD,Mitochondria,659
Cytoplasm_Texture_Correlation_Hoechst_3_02_256,0.0,Cytoplasm,Texture,Correlation,Hoechst,660
Cytoplasm_Correlation_Correlation_ER_Hoechst,0.0,Cytoplasm,Correlation,Correlation,ER,661
Nuclei_Texture_Correlation_ER_3_00_256,0.0,Nuclei,Texture,Correlation,ER,662
Cytoplasm_Texture_InfoMeas1_Actin_3_00_256,0.0,Cytoplasm,Texture,InfoMeas1,Actin,663
Nuclei_Neighbors_FirstClosestDistance_Adjacent,0.0,Nuclei,Neighbors,FirstClosestDistance,Adjacent,664
Nuclei_RadialDistribution_ZernikeMagnitude_ER_8_8,0.0,Nuclei,RadialDistribution,ZernikeMagnitude,ER,665
Nuclei_RadialDistribution_ZernikeMagnitude_PM_8_8,0.0,Nuclei,RadialDistribution,ZernikeMagnitude,PM,666
Nuclei_AreaShape_Zernike_7_7,0.0,Nuclei,AreaShape,Zernike,7,667
Cytoplasm_Texture_InfoMeas2_Mitochondria_3_02_256,0.0,Cytoplasm,Texture,InfoMeas2,Mitochondria,668
Nuclei_Texture_Contrast_Actin_3_03_256,0.0,Nuclei,Texture,Contrast,Actin,669
Cytoplasm_RadialDistribution_ZernikeMagnitude_ER_8_4,0.0,Cytoplasm,RadialDistribution,ZernikeMagnitude,ER,670
Cytoplasm_RadialDistribution_ZernikeMagnitude_PM_7_1,0.0,Cytoplasm,RadialDistribution,ZernikeMagnitude,PM,671
Cytoplasm_Texture_DifferenceVariance_ER_3_00_256,0.0,Cytoplasm,Texture,DifferenceVariance,ER,672
Cytoplasm_RadialDistribution_RadialCV_PM_4of4,0.0,Cytoplasm,RadialDistribution,RadialCV,PM,673
Cytoplasm_RadialDistribution_ZernikeMagnitude_Hoechst_7_3,0.0,Cytoplasm,RadialDistribution,ZernikeMagnitude,Hoechst,674
Cells_AreaShape_Perimeter,0.0,Cells,AreaShape,Perimeter,,675
Cells_RadialDistribution_FracAtD_Mitochondria_4of4,0.0,Cells,RadialDistribution,FracAtD,Mitochondria,676
Cells_Texture_SumVariance_Hoechst_3_00_256,0.0,Cells,Texture,SumVariance,Hoechst,677
Nuclei_Intensity_MedianIntensity_Hoechst,0.0,Nuclei,Intensity,MedianIntensity,Hoechst,678
Cells_RadialDistribution_ZernikeMagnitude_Hoechst_8_0,0.0,Cells,RadialDistribution,ZernikeMagnitude,Hoechst,679
Nuclei_Intensity_IntegratedIntensityEdge_ER,0.0,Nuclei,Intensity,IntegratedIntensityEdge,ER,680
Cytoplasm_RadialDistribution_ZernikeMagnitude_PM_6_6,0.0,Cytoplasm,RadialDistribution,ZernikeMagnitude,PM,681
Cells_RadialDistribution_ZernikeMagnitude_ER_7_1,0.0,Cells,RadialDistribution,ZernikeMagnitude,ER,682
Cytoplasm_Correlation_Manders_Mitochondria_Hoechst,0.0,Cytoplasm,Correlation,Manders,Mitochondria,683
Cytoplasm_RadialDistribution_ZernikeMagnitude_Hoechst_1_1,0.0,Cytoplasm,RadialDistribution,ZernikeMagnitude,Hoechst,684
Nuclei_Correlation_Overlap_Actin_Mitochondria,0.0,Nuclei,Correlation,Overlap,Actin,685
Cytoplasm_Intensity_LowerQuartileIntensity_Mitochondria,0.0,Cytoplasm,Intensity,LowerQuartileIntensity,Mitochondria,686
Cells_Texture_AngularSecondMoment_ER_3_01_256,0.0,Cells,Texture,AngularSecondMoment,ER,687
Cells_RadialDistribution_ZernikeMagnitude_Hoechst_9_3,0.0,Cells,RadialDistribution,ZernikeMagnitude,Hoechst,688
Cells_Intensity_StdIntensity_Hoechst,0.0,Cells,Intensity,StdIntensity,Hoechst,689
Nuclei_RadialDistribution_ZernikeMagnitude_Mitochondria_3_1,0.0,Nuclei,RadialDistribution,ZernikeMagnitude,Mitochondria,690
Cytoplasm_Intensity_MassDisplacement_Hoechst,0.0,Cytoplasm,Intensity,MassDisplacement,Hoechst,691
Cells_Texture_Correlation_Hoechst_3_03_256,0.0,Cells,Texture,Correlation,Hoechst,692
Nuclei_Texture_InfoMeas1_PM_3_02_256,0.0,Nuclei,Texture,InfoMeas1,PM,693
Cytoplasm_RadialDistribution_ZernikeMagnitude_ER_3_3,0.0,Cytoplasm,RadialDistribution,ZernikeMagnitude,ER,694
Cytoplasm_RadialDistribution_ZernikeMagnitude_ER_7_5,0.0,Cytoplasm,RadialDistribution,ZernikeMagnitude,ER,695
Cytoplasm_RadialDistribution_MeanFrac_ER_4of4,0.0,Cytoplasm,RadialDistribution,MeanFrac,ER,696
Nuclei_Texture_InfoMeas1_ER_3_03_256,0.0,Nuclei,Texture,InfoMeas1,ER,697
Nuclei_Correlation_K_Actin_ER,0.0,Nuclei,Correlation,K,Actin,698
Nuclei_RadialDistribution_FracAtD_ER_4of4,0.0,Nuclei,RadialDistribution,FracAtD,ER,699
Cells_RadialDistribution_FracAtD_Mitochondria_1of4,0.0,Cells,RadialDistribution,FracAtD,Mitochondria,700
Nuclei_RadialDistribution_ZernikeMagnitude_PM_7_7,0.0,Nuclei,RadialDistribution,ZernikeMagnitude,PM,701
Cells_RadialDistribution_MeanFrac_Hoechst_4of4,0.0,Cells,RadialDistribution,MeanFrac,Hoechst,702
Cytoplasm_RadialDistribution_ZernikeMagnitude_Hoechst_5_1,0.0,Cytoplasm,RadialDistribution,ZernikeMagnitude,Hoechst,703
Cells_Correlation_K_ER_Hoechst,0.0,Cells,Correlation,K,ER,704
Cells_RadialDistribution_RadialCV_Hoechst_2of4,0.0,Cells,RadialDistribution,RadialCV,Hoechst,705
Cytoplasm_RadialDistribution_ZernikeMagnitude_Mitochondria_8_2,0.0,Cytoplasm,RadialDistribution,ZernikeMagnitude,Mitochondria,706
Cells_AreaShape_Zernike_3_3,0.0,Cells,AreaShape,Zernike,3,707
Cytoplasm_RadialDistribution_RadialCV_PM_1of4,0.0,Cytoplasm,RadialDistribution,RadialCV,PM,708
Nuclei_RadialDistribution_ZernikeMagnitude_ER_8_0,0.0,Nuclei,RadialDistribution,ZernikeMagnitude,ER,709
Cells_RadialDistribution_ZernikeMagnitude_Actin_7_3,0.0,Cells,RadialDistribution,ZernikeMagnitude,Actin,710
Cytoplasm_RadialDistribution_ZernikeMagnitude_Mitochondria_3_3,0.0,Cytoplasm,RadialDistribution,ZernikeMagnitude,Mitochondria,711
Cytoplasm_RadialDistribution_ZernikeMagnitude_Mitochondria_4_4,0.0,Cytoplasm,RadialDistribution,ZernikeMagnitude,Mitochondria,712
Nuclei_RadialDistribution_FracAtD_PM_2of4,0.0,Nuclei,RadialDistribution,FracAtD,PM,713
Nuclei_Texture_Entropy_ER_3_01_256,0.0,Nuclei,Texture,Entropy,ER,714
Nuclei_Texture_Correlation_PM_3_03_256,0.0,Nuclei,Texture,Correlation,PM,715
Nuclei_Correlation_K_ER_PM,0.0,Nuclei,Correlation,K,ER,716
Nuclei_Intensity_IntegratedIntensity_PM,0.0,Nuclei,Intensity,IntegratedIntensity,PM,717
Nuclei_Texture_InfoMeas1_Mitochondria_3_01_256,0.0,Nuclei,Texture,InfoMeas1,Mitochondria,718
Cytoplasm_RadialDistribution_ZernikeMagnitude_Hoechst_3_1,0.0,Cytoplasm,RadialDistribution,ZernikeMagnitude,Hoechst,719
Nuclei_RadialDistribution_ZernikeMagnitude_Actin_6_4,0.0,Nuclei,RadialDistribution,ZernikeMagnitude,Actin,720
Nuclei_Correlation_K_PM_Actin,0.0,Nuclei,Correlation,K,PM,721
Nuclei_RadialDistribution_ZernikeMagnitude_Hoechst_9_1,0.0,Nuclei,RadialDistribution,ZernikeMagnitude,Hoechst,722
Cytoplasm_RadialDistribution_MeanFrac_PM_4of4,0.0,Cytoplasm,RadialDistribution,MeanFrac,PM,723
Cytoplasm_RadialDistribution_ZernikeMagnitude_PM_2_0,0.0,Cytoplasm,RadialDistribution,ZernikeMagnitude,PM,724
Cells_AreaShape_Zernike_9_5,0.0,Cells,AreaShape,Zernike,9,725
Nuclei_AreaShape_Zernike_6_4,0.0,Nuclei,AreaShape,Zernike,6,726
Nuclei_Correlation_K_PM_Mitochondria,0.0,Nuclei,Correlation,K,PM,727
Cytoplasm_Texture_InverseDifferenceMoment_ER_3_02_256,0.0,Cytoplasm,Texture,InverseDifferenceMoment,ER,728
Nuclei_RadialDistribution_ZernikeMagnitude_Mitochondria_7_7,0.0,Nuclei,RadialDistribution,ZernikeMagnitude,Mitochondria,729
Cells_Texture_Correlation_Actin_3_01_256,0.0,Cells,Texture,Correlation,Actin,730
Cytoplasm_RadialDistribution_FracAtD_Mitochondria_4of4,0.0,Cytoplasm,RadialDistribution,FracAtD,Mitochondria,731
Cytoplasm_RadialDistribution_FracAtD_PM_4of4,0.0,Cytoplasm,RadialDistribution,FracAtD,PM,732
Cells_RadialDistribution_FracAtD_PM_1of4,0.0,Cells,RadialDistribution,FracAtD,PM,733
Cytoplasm_RadialDistribution_ZernikeMagnitude_Actin_4_0,0.0,Cytoplasm,RadialDistribution,ZernikeMagnitude,Actin,734
Cells_RadialDistribution_ZernikeMagnitude_Actin_6_0,0.0,Cells,RadialDistribution,ZernikeMagnitude,Actin,735
Nuclei_Texture_Contrast_Actin_3_01_256,0.0,Nuclei,Texture,Contrast,Actin,736
Cytoplasm_Texture_InverseDifferenceMoment_ER_3_01_256,0.0,Cytoplasm,Texture,InverseDifferenceMoment,ER,737
Cytoplasm_RadialDistribution_ZernikeMagnitude_Hoechst_9_3,0.0,Cytoplasm,RadialDistribution,ZernikeMagnitude,Hoechst,738
Cytoplasm_RadialDistribution_ZernikeMagnitude_PM_9_3,0.0,Cytoplasm,RadialDistribution,ZernikeMagnitude,PM,739
Nuclei_Correlation_Overlap_Actin_PM,0.0,Nuclei,Correlation,Overlap,Actin,740
Cytoplasm_AreaShape_Zernike_2_0,0.0,Cytoplasm,AreaShape,Zernike,2,741
Nuclei_Correlation_Overlap_Mitochondria_PM,0.0,Nuclei,Correlation,Overlap,Mitochondria,742
Nuclei_RadialDistribution_ZernikeMagnitude_ER_8_4,0.0,Nuclei,RadialDistribution,ZernikeMagnitude,ER,743
Cytoplasm_RadialDistribution_ZernikeMagnitude_PM_1_1,0.0,Cytoplasm,RadialDistribution,ZernikeMagnitude,PM,744
Nuclei_RadialDistribution_ZernikeMagnitude_Hoechst_6_4,0.0,Nuclei,RadialDistribution,ZernikeMagnitude,Hoechst,745
Nuclei_RadialDistribution_ZernikeMagnitude_PM_9_3,0.0,Nuclei,RadialDistribution,ZernikeMagnitude,PM,746
Nuclei_Texture_InfoMeas2_Mitochondria_3_00_256,0.0,Nuclei,Texture,InfoMeas2,Mitochondria,747
Nuclei_Texture_DifferenceVariance_ER_3_00_256,0.0,Nuclei,Texture,DifferenceVariance,ER,748
Cytoplasm_Intensity_MaxIntensity_PM,0.0,Cytoplasm,Intensity,MaxIntensity,PM,749
Cytoplasm_Texture_InfoMeas1_ER_3_00_256,0.0,Cytoplasm,Texture,InfoMeas1,ER,750
Cells_Texture_Correlation_Hoechst_3_02_256,0.0,Cells,Texture,Correlation,Hoechst,751
Cytoplasm_AreaShape_Zernike_6_4,-5.206817875363884e-10,Cytoplasm,AreaShape,Zernike,6,752
Cytoplasm_RadialDistribution_MeanFrac_PM_3of4,-8.589923178621722e-09,Cytoplasm,RadialDistribution,MeanFrac,PM,753
Cells_RadialDistribution_ZernikeMagnitude_ER_9_9,-0.0021768429375196075,Cells,RadialDistribution,ZernikeMagnitude,ER,754
Cytoplasm_RadialDistribution_MeanFrac_Actin_1of4,-0.0022203853212645593,Cytoplasm,RadialDistribution,MeanFrac,Actin,755
Nuclei_Texture_AngularSecondMoment_Mitochondria_3_01_256,-0.0023870018909484896,Nuclei,Texture,AngularSecondMoment,Mitochondria,756
Cells_RadialDistribution_ZernikeMagnitude_Hoechst_7_1,-0.0024234344649299864,Cells,RadialDistribution,ZernikeMagnitude,Hoechst,757
Nuclei_Texture_SumVariance_PM_3_03_256,-0.0037340023952370143,Nuclei,Texture,SumVariance,PM,758
Cytoplasm_RadialDistribution_RadialCV_PM_3of4,-0.004229810970401764,Cytoplasm,RadialDistribution,RadialCV,PM,759
Nuclei_RadialDistribution_ZernikeMagnitude_Actin_5_1,-0.004879435821516836,Nuclei,RadialDistribution,ZernikeMagnitude,Actin,760
Cytoplasm_AreaShape_Zernike_3_1,-0.005025642306320984,Cytoplasm,AreaShape,Zernike,3,761
Nuclei_RadialDistribution_ZernikeMagnitude_Actin_8_0,-0.005464635650621285,Nuclei,RadialDistribution,ZernikeMagnitude,Actin,762
Nuclei_RadialDistribution_ZernikeMagnitude_PM_6_6,-0.006288781334891595,Nuclei,RadialDistribution,ZernikeMagnitude,PM,763
Nuclei_Texture_InfoMeas1_Actin_3_00_256,-0.006497698026118302,Nuclei,Texture,InfoMeas1,Actin,764
Cells_AreaShape_Zernike_1_1,-0.007229764605138985,Cells,AreaShape,Zernike,1,765
Cells_RadialDistribution_RadialCV_PM_4of4,-0.007435012387969065,Cells,RadialDistribution,RadialCV,PM,766
Nuclei_RadialDistribution_ZernikeMagnitude_PM_6_2,-0.007522602979135997,Nuclei,RadialDistribution,ZernikeMagnitude,PM,767
Cytoplasm_RadialDistribution_RadialCV_Hoechst_2of4,-0.007842095956590777,Cytoplasm,RadialDistribution,RadialCV,Hoechst,768
Cells_RadialDistribution_MeanFrac_Mitochondria_2of4,-0.008123500694248623,Cells,RadialDistribution,MeanFrac,Mitochondria,769
Cells_RadialDistribution_ZernikeMagnitude_Actin_9_3,-0.008527399440622821,Cells,RadialDistribution,ZernikeMagnitude,Actin,770
Cells_RadialDistribution_RadialCV_Mitochondria_3of4,-0.009066264095671366,Cells,RadialDistribution,RadialCV,Mitochondria,771
Nuclei_Intensity_MADIntensity_Hoechst,-0.009162099807043906,Nuclei,Intensity,MADIntensity,Hoechst,772
Nuclei_RadialDistribution_ZernikeMagnitude_PM_3_1,-0.009288713069952628,Nuclei,RadialDistribution,ZernikeMagnitude,PM,773
Cells_Texture_Correlation_PM_3_01_256,-0.009291379435641768,Cells,Texture,Correlation,PM,774
Cells_RadialDistribution_ZernikeMagnitude_Actin_8_6,-0.009503481699364668,Cells,RadialDistribution,ZernikeMagnitude,Actin,775
Cells_AreaShape_Zernike_9_9,-0.009746209078834058,Cells,AreaShape,Zernike,9,776
Cells_RadialDistribution_ZernikeMagnitude_Actin_7_7,-0.009838615737635018,Cells,RadialDistribution,ZernikeMagnitude,Actin,777
Cytoplasm_Texture_Correlation_Hoechst_3_03_256,-0.010196978923096116,Cytoplasm,Texture,Correlation,Hoechst,778
Nuclei_RadialDistribution_FracAtD_Hoechst_2of4,-0.010244366309165828,Nuclei,RadialDistribution,FracAtD,Hoechst,779
Cells_RadialDistribution_MeanFrac_PM_3of4,-0.011533359193018674,Cells,RadialDistribution,MeanFrac,PM,780
Nuclei_Texture_InfoMeas2_Hoechst_3_03_256,-0.01166436952295972,Nuclei,Texture,InfoMeas2,Hoechst,781
Cells_AreaShape_Zernike_5_1,-0.011858223793241113,Cells,AreaShape,Zernike,5,782
Cells_RadialDistribution_MeanFrac_ER_1of4,-0.01250686277023595,Cells,RadialDistribution,MeanFrac,ER,783
Cells_AreaShape_Zernike_2_2,-0.014057022121892875,Cells,AreaShape,Zernike,2,784
Nuclei_RadialDistribution_ZernikeMagnitude_Mitochondria_3_3,-0.014419535858055521,Nuclei,RadialDistribution,ZernikeMagnitude,Mitochondria,785
Cells_AreaShape_Zernike_6_6,-0.014691932884253847,Cells,AreaShape,Zernike,6,786
Nuclei_AreaShape_Zernike_9_9,-0.014896631583938448,Nuclei,AreaShape,Zernike,9,787
Nuclei_Texture_InfoMeas1_PM_3_03_256,-0.015443499029845311,Nuclei,Texture,InfoMeas1,PM,788
Nuclei_RadialDistribution_ZernikeMagnitude_Actin_4_0,-0.015792821204310806,Nuclei,RadialDistribution,ZernikeMagnitude,Actin,789
Nuclei_Correlation_Overlap_ER_Mitochondria,-0.01687414117808926,Nuclei,Correlation,Overlap,ER,790
Cytoplasm_RadialDistribution_ZernikeMagnitude_ER_8_0,-0.017030765507585224,Cytoplasm,RadialDistribution,ZernikeMagnitude,ER,791
Cells_RadialDistribution_MeanFrac_Mitochondria_1of4,-0.01874774743900113,Cells,RadialDistribution,MeanFrac,Mitochondria,792
Nuclei_Neighbors_SecondClosestDistance_Adjacent,-0.01889823978185094,Nuclei,Neighbors,SecondClosestDistance,Adjacent,793
Nuclei_Texture_Correlation_ER_3_01_256,-0.018916451443076028,Nuclei,Texture,Correlation,ER,794
Cytoplasm_Texture_Contrast_Mitochondria_3_02_256,-0.020377736423264597,Cytoplasm,Texture,Contrast,Mitochondria,795
Cytoplasm_RadialDistribution_RadialCV_Hoechst_3of4,-0.021682662987322864,Cytoplasm,RadialDistribution,RadialCV,Hoechst,796
Cells_RadialDistribution_ZernikeMagnitude_Actin_7_5,-0.021929037009097152,Cells,RadialDistribution,ZernikeMagnitude,Actin,797
Nuclei_RadialDistribution_ZernikeMagnitude_Actin_8_8,-0.02204204855111225,Nuclei,RadialDistribution,ZernikeMagnitude,Actin,798
Nuclei_Texture_InfoMeas1_Actin_3_02_256,-0.022139239718305982,Nuclei,Texture,InfoMeas1,Actin,799
Cells_Neighbors_SecondClosestDistance_Adjacent,-0.02240926083739897,Cells,Neighbors,SecondClosestDistance,Adjacent,800
Cytoplasm_RadialDistribution_MeanFrac_PM_1of4,-0.022451019515950146,Cytoplasm,RadialDistribution,MeanFrac,PM,801
Nuclei_RadialDistribution_MeanFrac_Mitochondria_1of4,-0.022683730410432486,Nuclei,RadialDistribution,MeanFrac,Mitochondria,802
Nuclei_AreaShape_Orientation,-0.02282478838526526,Nuclei,AreaShape,Orientation,,803
Cells_RadialDistribution_ZernikeMagnitude_Actin_6_6,-0.023001335181873823,Cells,RadialDistribution,ZernikeMagnitude,Actin,804
Nuclei_RadialDistribution_ZernikeMagnitude_ER_9_5,-0.0238251382086556,Nuclei,RadialDistribution,ZernikeMagnitude,ER,805
Cells_RadialDistribution_RadialCV_Actin_2of4,-0.02471947664990732,Cells,RadialDistribution,RadialCV,Actin,806
Nuclei_Correlation_Overlap_Actin_ER,-0.025142133849126655,Nuclei,Correlation,Overlap,Actin,807
Nuclei_Correlation_RWC_Mitochondria_Hoechst,-0.025548356818584073,Nuclei,Correlation,RWC,Mitochondria,808
Cytoplasm_Texture_InfoMeas1_PM_3_00_256,-0.02603877916448145,Cytoplasm,Texture,InfoMeas1,PM,809
Nuclei_RadialDistribution_ZernikeMagnitude_Mitochondria_5_5,-0.02632688180805487,Nuclei,RadialDistribution,ZernikeMagnitude,Mitochondria,810
Nuclei_Intensity_LowerQuartileIntensity_Mitochondria,-0.027626742073897998,Nuclei,Intensity,LowerQuartileIntensity,Mitochondria,811
Nuclei_RadialDistribution_RadialCV_ER_2of4,-0.029607547823372295,Nuclei,RadialDistribution,RadialCV,ER,812
Nuclei_Correlation_Correlation_Actin_Mitochondria,-0.03021288148501227,Nuclei,Correlation,Correlation,Actin,813
Nuclei_RadialDistribution_ZernikeMagnitude_Actin_7_5,-0.03128413058311005,Nuclei,RadialDistribution,ZernikeMagnitude,Actin,814
Nuclei_RadialDistribution_ZernikeMagnitude_Actin_9_9,-0.03150516188282675,Nuclei,RadialDistribution,ZernikeMagnitude,Actin,815
Nuclei_Granularity_2_Hoechst,-0.03229816129107016,Nuclei,Granularity,2,Hoechst,816
Cytoplasm_RadialDistribution_ZernikeMagnitude_PM_3_3,-0.0324188638407858,Cytoplasm,RadialDistribution,ZernikeMagnitude,PM,817
Cells_RadialDistribution_ZernikeMagnitude_PM_4_0,-0.032605795505928604,Cells,RadialDistribution,ZernikeMagnitude,PM,818
Nuclei_RadialDistribution_ZernikeMagnitude_ER_2_2,-0.0327193037938974,Nuclei,RadialDistribution,ZernikeMagnitude,ER,819
Cytoplasm_RadialDistribution_ZernikeMagnitude_PM_8_0,-0.03283390736379734,Cytoplasm,RadialDistribution,ZernikeMagnitude,PM,820
Nuclei_RadialDistribution_ZernikeMagnitude_PM_1_1,-0.03411037612618709,Nuclei,RadialDistribution,ZernikeMagnitude,PM,821
Nuclei_RadialDistribution_ZernikeMagnitude_PM_6_0,-0.03563866675354279,Nuclei,RadialDistribution,ZernikeMagnitude,PM,822
Cells_Granularity_2_Hoechst,-0.03597477465326486,Cells,Granularity,2,Hoechst,823
Cells_RadialDistribution_ZernikeMagnitude_ER_8_0,-0.03708824912372002,Cells,RadialDistribution,ZernikeMagnitude,ER,824
Nuclei_RadialDistribution_RadialCV_PM_2of4,-0.037453921743262,Nuclei,RadialDistribution,RadialCV,PM,825
Cytoplasm_Texture_DifferenceEntropy_Actin_3_01_256,-0.04340637983322957,Cytoplasm,Texture,DifferenceEntropy,Actin,826
Cells_AreaShape_Zernike_4_4,-0.04373824265313719,Cells,AreaShape,Zernike,4,827
Cytoplasm_Correlation_RWC_PM_ER,-0.04395221776512915,Cytoplasm,Correlation,RWC,PM,828
Nuclei_Intensity_MaxIntensity_PM,-0.04422419843374148,Nuclei,Intensity,MaxIntensity,PM,829
Cytoplasm_RadialDistribution_ZernikeMagnitude_ER_7_3,-0.04444888308737253,Cytoplasm,RadialDistribution,ZernikeMagnitude,ER,830
Cells_RadialDistribution_ZernikeMagnitude_ER_9_1,-0.04608302023257595,Cells,RadialDistribution,ZernikeMagnitude,ER,831
Cytoplasm_RadialDistribution_FracAtD_Hoechst_3of4,-0.04645307429995571,Cytoplasm,RadialDistribution,FracAtD,Hoechst,832
Cytoplasm_Intensity_StdIntensityEdge_PM,-0.04749471194572384,Cytoplasm,Intensity,StdIntensityEdge,PM,833
Cytoplasm_Texture_Correlation_Actin_3_02_256,-0.04775277335590389,Cytoplasm,Texture,Correlation,Actin,834
Cytoplasm_RadialDistribution_RadialCV_Hoechst_1of4,-0.04830717387777346,Cytoplasm,RadialDistribution,RadialCV,Hoechst,835
Cells_RadialDistribution_ZernikeMagnitude_PM_9_7,-0.04848681284288182,Cells,RadialDistribution,ZernikeMagnitude,PM,836
Nuclei_RadialDistribution_ZernikeMagnitude_Actin_9_7,-0.050116079092969584,Nuclei,RadialDistribution,ZernikeMagnitude,Actin,837
Cytoplasm_RadialDistribution_MeanFrac_Mitochondria_4of4,-0.05031182975832674,Cytoplasm,RadialDistribution,MeanFrac,Mitochondria,838
Nuclei_RadialDistribution_ZernikeMagnitude_Actin_4_2,-0.05055919074787586,Nuclei,RadialDistribution,ZernikeMagnitude,Actin,839
Nuclei_Intensity_MaxIntensityEdge_Mitochondria,-0.051338132306894255,Nuclei,Intensity,MaxIntensityEdge,Mitochondria,840
Nuclei_RadialDistribution_ZernikeMagnitude_PM_9_1,-0.0514385346422803,Nuclei,RadialDistribution,ZernikeMagnitude,PM,841
Cells_Neighbors_FirstClosestDistance_Adjacent,-0.05147271827385441,Cells,Neighbors,FirstClosestDistance,Adjacent,842
Cells_RadialDistribution_RadialCV_Mitochondria_1of4,-0.05160082132152433,Cells,RadialDistribution,RadialCV,Mitochondria,843
Cells_RadialDistribution_ZernikeMagnitude_Hoechst_8_2,-0.05393722479670205,Cells,RadialDistribution,ZernikeMagnitude,Hoechst,844
Cytoplasm_RadialDistribution_ZernikeMagnitude_PM_3_1,-0.055614920131371454,Cytoplasm,RadialDistribution,ZernikeMagnitude,PM,845
Nuclei_AreaShape_Zernike_8_4,-0.05570807640714693,Nuclei,AreaShape,Zernike,8,846
Cytoplasm_Intensity_IntegratedIntensity_Mitochondria,-0.055827936574976575,Cytoplasm,Intensity,IntegratedIntensity,Mitochondria,847
Nuclei_RadialDistribution_ZernikeMagnitude_ER_6_0,-0.05606492244164056,Nuclei,RadialDistribution,ZernikeMagnitude,ER,848
Nuclei_Correlation_RWC_Actin_Mitochondria,-0.056311353425990925,Nuclei,Correlation,RWC,Actin,849
Cells_AreaShape_Zernike_5_3,-0.056657435861545286,Cells,AreaShape,Zernike,5,850
Nuclei_Correlation_K_Mitochondria_PM,-0.05693015348988435,Nuclei,Correlation,K,Mitochondria,851
Cells_RadialDistribution_FracAtD_Actin_4of4,-0.05711297307314647,Cells,RadialDistribution,FracAtD,Actin,852
Nuclei_RadialDistribution_RadialCV_Actin_2of4,-0.05743439863707948,Nuclei,RadialDistribution,RadialCV,Actin,853
Cytoplasm_RadialDistribution_RadialCV_Actin_3of4,-0.058167412841795364,Cytoplasm,RadialDistribution,RadialCV,Actin,854
Nuclei_RadialDistribution_ZernikeMagnitude_Mitochondria_6_0,-0.05837487208472932,Nuclei,RadialDistribution,ZernikeMagnitude,Mitochondria,855
Nuclei_RadialDistribution_ZernikeMagnitude_Mitochondria_4_0,-0.06021660488411257,Nuclei,RadialDistribution,ZernikeMagnitude,Mitochondria,856
Cytoplasm_AreaShape_Zernike_6_2,-0.06054601767268564,Cytoplasm,AreaShape,Zernike,6,857
Nuclei_RadialDistribution_ZernikeMagnitude_Hoechst_8_6,-0.06095848806654404,Nuclei,RadialDistribution,ZernikeMagnitude,Hoechst,858
Nuclei_RadialDistribution_RadialCV_PM_1of4,-0.06096228630760091,Nuclei,RadialDistribution,RadialCV,PM,859
Cytoplasm_RadialDistribution_ZernikeMagnitude_ER_5_3,-0.06168112969892395,Cytoplasm,RadialDistribution,ZernikeMagnitude,ER,860
Cells_RadialDistribution_ZernikeMagnitude_PM_5_1,-0.061769436011952394,Cells,RadialDistribution,ZernikeMagnitude,PM,861
Nuclei_RadialDistribution_FracAtD_PM_1of4,-0.06255501275518269,Nuclei,RadialDistribution,FracAtD,PM,862
Nuclei_AreaShape_Zernike_7_1,-0.06318203827778589,Nuclei,AreaShape,Zernike,7,863
Nuclei_Correlation_Correlation_Actin_ER,-0.06343180537989981,Nuclei,Correlation,Correlation,Actin,864
Cytoplasm_Texture_DifferenceEntropy_ER_3_00_256,-0.06383196914028604,Cytoplasm,Texture,DifferenceEntropy,ER,865
Nuclei_Correlation_RWC_Mitochondria_Actin,-0.06599100741606297,Nuclei,Correlation,RWC,Mitochondria,866
Nuclei_RadialDistribution_ZernikeMagnitude_Mitochondria_8_8,-0.06712858702213155,Nuclei,RadialDistribution,ZernikeMagnitude,Mitochondria,867
Cytoplasm_RadialDistribution_RadialCV_ER_2of4,-0.06788359855760677,Cytoplasm,RadialDistribution,RadialCV,ER,868
Nuclei_RadialDistribution_ZernikeMagnitude_PM_7_3,-0.06792568021533228,Nuclei,RadialDistribution,ZernikeMagnitude,PM,869
Nuclei_RadialDistribution_ZernikeMagnitude_Mitochondria_5_1,-0.06843224033547159,Nuclei,RadialDistribution,ZernikeMagnitude,Mitochondria,870
Nuclei_Texture_DifferenceVariance_Mitochondria_3_00_256,-0.06990918586389148,Nuclei,Texture,DifferenceVariance,Mitochondria,871
Cytoplasm_Texture_Correlation_Hoechst_3_01_256,-0.07050430038913391,Cytoplasm,Texture,Correlation,Hoechst,872
Nuclei_Texture_Correlation_Mitochondria_3_03_256,-0.07149641542013137,Nuclei,Texture,Correlation,Mitochondria,873
Cytoplasm_Texture_DifferenceEntropy_ER_3_01_256,-0.07213450456706469,Cytoplasm,Texture,DifferenceEntropy,ER,874
Nuclei_RadialDistribution_ZernikeMagnitude_ER_9_9,-0.07304865051299682,Nuclei,RadialDistribution,ZernikeMagnitude,ER,875
Nuclei_RadialDistribution_ZernikeMagnitude_Hoechst_9_3,-0.07360834299016093,Nuclei,RadialDistribution,ZernikeMagnitude,Hoechst,876
Cells_AreaShape_Zernike_0_0,-0.07378542787008145,Cells,AreaShape,Zernike,0,877
Nuclei_AreaShape_Solidity,-0.07505399951181958,Nuclei,AreaShape,Solidity,,878
Cytoplasm_RadialDistribution_FracAtD_PM_1of4,-0.0750861141030661,Cytoplasm,RadialDistribution,FracAtD,PM,879
Cells_Intensity_MassDisplacement_PM,-0.07579709313756876,Cells,Intensity,MassDisplacement,PM,880
Nuclei_RadialDistribution_RadialCV_Hoechst_1of4,-0.07599145490303849,Nuclei,RadialDistribution,RadialCV,Hoechst,881
Cells_Texture_InfoMeas2_Hoechst_3_02_256,-0.07618870031137918,Cells,Texture,InfoMeas2,Hoechst,882
Nuclei_RadialDistribution_ZernikeMagnitude_Actin_3_3,-0.07751131983394847,Nuclei,RadialDistribution,ZernikeMagnitude,Actin,883
Nuclei_Intensity_MaxIntensityEdge_PM,-0.07869319668655231,Nuclei,Intensity,MaxIntensityEdge,PM,884
Nuclei_AreaShape_Zernike_8_0,-0.07957449295936316,Nuclei,AreaShape,Zernike,8,885
Nuclei_RadialDistribution_ZernikeMagnitude_Actin_6_2,-0.07989042829966131,Nuclei,RadialDistribution,ZernikeMagnitude,Actin,886
Nuclei_Texture_InfoMeas1_Actin_3_03_256,-0.08045223808784321,Nuclei,Texture,InfoMeas1,Actin,887
Cells_AreaShape_Zernike_7_1,-0.08079496495685345,Cells,AreaShape,Zernike,7,888
Nuclei_RadialDistribution_ZernikeMagnitude_PM_9_9,-0.08135164638183817,Nuclei,RadialDistribution,ZernikeMagnitude,PM,889
Cytoplasm_RadialDistribution_ZernikeMagnitude_Mitochondria_8_0,-0.08285026337388395,Cytoplasm,RadialDistribution,ZernikeMagnitude,Mitochondria,890
Cytoplasm_Texture_Contrast_Mitochondria_3_00_256,-0.08481730814661598,Cytoplasm,Texture,Contrast,Mitochondria,891
Cells_RadialDistribution_ZernikeMagnitude_Hoechst_9_9,-0.08499347385427782,Cells,RadialDistribution,ZernikeMagnitude,Hoechst,892
Cells_AreaShape_Zernike_6_0,-0.08626726048788418,Cells,AreaShape,Zernike,6,893
Nuclei_RadialDistribution_RadialCV_ER_3of4,-0.0869633758101532,Nuclei,RadialDistribution,RadialCV,ER,894
Cytoplasm_Texture_InfoMeas2_ER_3_02_256,-0.0902164716936747,Cytoplasm,Texture,InfoMeas2,ER,895
Nuclei_Texture_Correlation_Mitochondria_3_00_256,-0.09079910806120917,Nuclei,Texture,Correlation,Mitochondria,896
Nuclei_Correlation_K_ER_Hoechst,-0.09285095004097046,Nuclei,Correlation,K,ER,897
Nuclei_RadialDistribution_ZernikeMagnitude_PM_7_5,-0.09447214190924096,Nuclei,RadialDistribution,ZernikeMagnitude,PM,898
Cytoplasm_AreaShape_MaximumRadius,-0.09450454526616354,Cytoplasm,AreaShape,MaximumRadius,,899
Cytoplasm_Texture_DifferenceEntropy_ER_3_02_256,-0.09520410309311823,Cytoplasm,Texture,DifferenceEntropy,ER,900
Cytoplasm_Texture_InfoMeas1_PM_3_03_256,-0.09798911809833283,Cytoplasm,Texture,InfoMeas1,PM,901
Nuclei_RadialDistribution_MeanFrac_ER_1of4,-0.09799644791927672,Nuclei,RadialDistribution,MeanFrac,ER,902
Cells_RadialDistribution_ZernikeMagnitude_Hoechst_4_0,-0.09819867472438083,Cells,RadialDistribution,ZernikeMagnitude,Hoechst,903
Nuclei_RadialDistribution_RadialCV_Hoechst_4of4,-0.09821497981737325,Nuclei,RadialDistribution,RadialCV,Hoechst,904
Cytoplasm_Granularity_2_Actin,-0.09865518986396328,Cytoplasm,Granularity,2,Actin,905
Nuclei_Texture_Correlation_ER_3_02_256,-0.09919599700686246,Nuclei,Texture,Correlation,ER,906
Nuclei_Texture_Correlation_Hoechst_3_00_256,-0.09991260188227571,Nuclei,Texture,Correlation,Hoechst,907
Nuclei_Texture_Correlation_Mitochondria_3_01_256,-0.10088332017887221,Nuclei,Texture,Correlation,Mitochondria,908
Nuclei_RadialDistribution_ZernikeMagnitude_PM_8_4,-0.10295237487714126,Nuclei,RadialDistribution,ZernikeMagnitude,PM,909
Cells_RadialDistribution_RadialCV_Mitochondria_4of4,-0.10295745203644009,Cells,RadialDistribution,RadialCV,Mitochondria,910
Nuclei_RadialDistribution_ZernikeMagnitude_Mitochondria_9_3,-0.10415497683056316,Nuclei,RadialDistribution,ZernikeMagnitude,Mitochondria,911
Cytoplasm_Correlation_RWC_Hoechst_ER,-0.10425116519763435,Cytoplasm,Correlation,RWC,Hoechst,912
Nuclei_RadialDistribution_ZernikeMagnitude_ER_9_3,-0.10711920690332856,Nuclei,RadialDistribution,ZernikeMagnitude,ER,913
Cytoplasm_Granularity_3_ER,-0.10721498610038317,Cytoplasm,Granularity,3,ER,914
Nuclei_Intensity_IntegratedIntensityEdge_Mitochondria,-0.10837403942700981,Nuclei,Intensity,IntegratedIntensityEdge,Mitochondria,915
Nuclei_Texture_Correlation_PM_3_02_256,-0.10936944865634465,Nuclei,Texture,Correlation,PM,916
Cytoplasm_RadialDistribution_ZernikeMagnitude_Actin_9_1,-0.11072910328590656,Cytoplasm,RadialDistribution,ZernikeMagnitude,Actin,917
Cytoplasm_Texture_DifferenceEntropy_PM_3_00_256,-0.11261703088505226,Cytoplasm,Texture,DifferenceEntropy,PM,918
Cells_Intensity_MaxIntensity_Actin,-0.11626255657289393,Cells,Intensity,MaxIntensity,Actin,919
Cytoplasm_Correlation_Correlation_ER_Mitochondria,-0.1165125882909755,Cytoplasm,Correlation,Correlation,ER,920
Cells_RadialDistribution_RadialCV_Actin_3of4,-0.11677042380063078,Cells,RadialDistribution,RadialCV,Actin,921
Cytoplasm_RadialDistribution_ZernikeMagnitude_ER_4_2,-0.11995157976159943,Cytoplasm,RadialDistribution,ZernikeMagnitude,ER,922
Cells_RadialDistribution_ZernikeMagnitude_PM_7_1,-0.12210922476853371,Cells,RadialDistribution,ZernikeMagnitude,PM,923
Nuclei_RadialDistribution_ZernikeMagnitude_Hoechst_7_1,-0.12541431379757692,Nuclei,RadialDistribution,ZernikeMagnitude,Hoechst,924
Cytoplasm_Texture_SumVariance_PM_3_03_256,-0.12610839151918188,Cytoplasm,Texture,SumVariance,PM,925
Nuclei_RadialDistribution_ZernikeMagnitude_Mitochondria_7_3,-0.12976084706007998,Nuclei,RadialDistribution,ZernikeMagnitude,Mitochondria,926
Cells_RadialDistribution_MeanFrac_Actin_4of4,-0.13182976102466373,Cells,RadialDistribution,MeanFrac,Actin,927
Nuclei_RadialDistribution_ZernikeMagnitude_Actin_6_0,-0.13201502552966712,Nuclei,RadialDistribution,ZernikeMagnitude,Actin,928
Cells_Granularity_1_Actin,-0.1330123061847993,Cells,Granularity,1,Actin,929
Nuclei_Granularity_1_Actin,-0.13424599548397756,Nuclei,Granularity,1,Actin,930
Cells_AreaShape_Zernike_5_5,-0.14070990252521093,Cells,AreaShape,Zernike,5,931
Cytoplasm_Granularity_2_ER,-0.14473973736162155,Cytoplasm,Granularity,2,ER,932
Nuclei_RadialDistribution_ZernikeMagnitude_Mitochondria_2_2,-0.1483290880759499,Nuclei,RadialDistribution,ZernikeMagnitude,Mitochondria,933
Cells_RadialDistribution_ZernikeMagnitude_Actin_4_4,-0.14916211500375567,Cells,RadialDistribution,ZernikeMagnitude,Actin,934
Cytoplasm_Intensity_MassDisplacement_Mitochondria,-0.1504982553125084,Cytoplasm,Intensity,MassDisplacement,Mitochondria,935
Nuclei_Correlation_RWC_Hoechst_ER,-0.15904093347523685,Nuclei,Correlation,RWC,Hoechst,936
Nuclei_Granularity_1_ER,-0.1598253311247733,Nuclei,Granularity,1,ER,937
Cells_Intensity_IntegratedIntensityEdge_Mitochondria,-0.16166286070745436,Cells,Intensity,IntegratedIntensityEdge,Mitochondria,938
Cells_RadialDistribution_ZernikeMagnitude_Actin_4_0,-0.16202172831753842,Cells,RadialDistribution,ZernikeMagnitude,Actin,939
Cytoplasm_Texture_InfoMeas1_PM_3_01_256,-0.16689185038332308,Cytoplasm,Texture,InfoMeas1,PM,940
Cytoplasm_RadialDistribution_ZernikeMagnitude_Mitochondria_2_0,-0.17191249691057833,Cytoplasm,RadialDistribution,ZernikeMagnitude,Mitochondria,941
Nuclei_Correlation_RWC_Actin_Hoechst,-0.17405523655469174,Nuclei,Correlation,RWC,Actin,942
Cytoplasm_Texture_Correlation_Actin_3_03_256,-0.18292156393108583,Cytoplasm,Texture,Correlation,Actin,943
Cytoplasm_Intensity_MADIntensity_Mitochondria,-0.18681771480652928,Cytoplasm,Intensity,MADIntensity,Mitochondria,944
Nuclei_Correlation_K_ER_Mitochondria,-0.19181348837452597,Nuclei,Correlation,K,ER,945
Nuclei_Correlation_K_Mitochondria_ER,-0.19515761337597298,Nuclei,Correlation,K,Mitochondria,946
Nuclei_Texture_Correlation_PM_3_00_256,-0.21437285829315936,Nuclei,Texture,Correlation,PM,947
Cells_Intensity_IntegratedIntensityEdge_PM,-0.2145170925360918,Cells,Intensity,IntegratedIntensityEdge,PM,948
Nuclei_Intensity_IntegratedIntensity_Hoechst,-0.2145847315285517,Nuclei,Intensity,IntegratedIntensity,Hoechst,949
Cytoplasm_Texture_InfoMeas1_PM_3_02_256,-0.21530718549315034,Cytoplasm,Texture,InfoMeas1,PM,950
Cytoplasm_Texture_Correlation_Actin_3_00_256,-0.21554588999435742,Cytoplasm,Texture,Correlation,Actin,951
Cytoplasm_Granularity_1_ER,-0.22095350851527465,Cytoplasm,Granularity,1,ER,952
Cytoplasm_RadialDistribution_ZernikeMagnitude_PM_5_3,-0.22769824250917725,Cytoplasm,RadialDistribution,ZernikeMagnitude,PM,953
Nuclei_Intensity_MinIntensity_Mitochondria,-0.22837205523266307,Nuclei,Intensity,MinIntensity,Mitochondria,954
Cells_Intensity_IntegratedIntensityEdge_ER,-0.22942970764011486,Cells,Intensity,IntegratedIntensityEdge,ER,955
Cytoplasm_RadialDistribution_MeanFrac_Actin_4of4,-0.22961518602342815,Cytoplasm,RadialDistribution,MeanFrac,Actin,956
Cytoplasm_Texture_DifferenceEntropy_ER_3_03_256,-0.23410860939783543,Cytoplasm,Texture,DifferenceEntropy,ER,957
Cytoplasm_Texture_DifferenceVariance_Mitochondria_3_00_256,-0.23457260446295689,Cytoplasm,Texture,DifferenceVariance,Mitochondria,958
Nuclei_Correlation_RWC_PM_Actin,-0.23512220761324362,Nuclei,Correlation,RWC,PM,959
Cytoplasm_Granularity_1_PM,-0.23586364578781985,Cytoplasm,Granularity,1,PM,960
Cells_Correlation_RWC_Mitochondria_Actin,-0.23662672363903847,Cells,Correlation,RWC,Mitochondria,961
Nuclei_RadialDistribution_ZernikeMagnitude_Actin_3_1,-0.23956166361324488,Nuclei,RadialDistribution,ZernikeMagnitude,Actin,962
Nuclei_Texture_InfoMeas1_PM_3_01_256,-0.24740425839185962,Nuclei,Texture,InfoMeas1,PM,963
Cytoplasm_Texture_AngularSecondMoment_Mitochondria_3_01_256,-0.2563863098089223,Cytoplasm,Texture,AngularSecondMoment,Mitochondria,964
Nuclei_Correlation_K_Mitochondria_Actin,-0.2607298313640773,Nuclei,Correlation,K,Mitochondria,965
Nuclei_Correlation_Correlation_Hoechst_PM,-0.27991159706234203,Nuclei,Correlation,Correlation,Hoechst,966
Nuclei_Correlation_RWC_Actin_PM,-0.28368752220292026,Nuclei,Correlation,RWC,Actin,967
Cytoplasm_Intensity_IntegratedIntensity_Actin,-0.3021386341449274,Cytoplasm,Intensity,IntegratedIntensity,Actin,968
Nuclei_RadialDistribution_MeanFrac_PM_3of4,-0.310447634095964,Nuclei,RadialDistribution,MeanFrac,PM,969
Nuclei_AreaShape_MajorAxisLength,-0.4019511745745016,Nuclei,AreaShape,MajorAxisLength,,970
Cells_Intensity_IntegratedIntensityEdge_Actin,-0.4827399413959831,Cells,Intensity,IntegratedIntensityEdge,Actin,971
Cytoplasm_Intensity_LowerQuartileIntensity_Actin,-0.48447406010069527,Cytoplasm,Intensity,LowerQuartileIntensity,Actin,972
Cells_Intensity_MinIntensityEdge_Actin,-0.5441534784855584,Cells,Intensity,MinIntensityEdge,Actin,973
